,Date,High,Low,Open,Close,Volume,Adj Close
0,1/3/2017,4657,4603,4628,4612,2356727,3229.901611
1,1/4/2017,4625.518066,4574.5,4576,4591.5,2000461,3215.544678
2,1/5/2017,4852.75,4566.5,4582,4580,2682431,3207.490723
3,1/6/2017,4600,4557.5,4558,4574,2324882,3203.28833
4,1/9/2017,4681.5,4586,4591,4675,2505235,3274.020752
5,1/10/2017,4687,4603.895996,4673.5,4672,2167306,3271.920654
6,1/11/2017,4731,4650.5,4650.5,4713,2734814,3300.634033
7,1/12/2017,4728,4676,4680,4705,2918851,3295.031738
8,1/13/2017,4741.5,4704,4727.5,4729.5,2114803,3312.189453
9,1/16/2017,4763.453125,4721.5,4735.5,4762.5,1640639,3335.300781
10,1/17/2017,4820,4569,4810,4580,10020823,3207.490723
11,1/18/2017,4697.5,4615,4620,4634,8092042,3245.307861
12,1/19/2017,4736.5,4593.751953,4680,4734,7788887,3315.341064
13,1/20/2017,4810.359863,4703.681152,4750,4760,5256250,3333.549561
14,1/23/2017,4800.551758,4711,4718.5,4767,4981457,3338.451904
15,1/24/2017,4811.5,4755,4778,4800,4466633,3361.561768
16,1/25/2017,4894,4795,4811.5,4894,4918262,3427.393066
17,1/26/2017,4937,4853.827148,4888.5,4929.5,4359672,3452.254639
18,1/27/2017,4949.140137,4896.674805,4910.5,4920.5,3713728,3445.951172
19,1/30/2017,4931.115234,4865,4899,4896.5,2689114,3429.143799
20,1/31/2017,4902.5,4723.680176,4883.5,4899.5,4240170,3431.244629
21,2/1/2017,4907.5,4856,4888,4865.5,3146557,3407.433594
22,2/2/2017,4962.52002,4830,4844,4910,3876234,3438.5979
23,2/3/2017,4970.5,4894,4903.5,4963,3649407,3475.715576
24,2/6/2017,5008,4955,4963,4985,3050353,3491.122314
25,2/7/2017,5011,4977.5,4985,4981.5,3312475,3488.670654
26,2/8/2017,5035,4952.5,4981.5,5025,3486658,3519.135254
27,2/9/2017,5038,4951.426758,5019,5021,4186606,3516.333496
28,2/10/2017,5078,4990.652832,5025,5008,3331507,3507.229492
29,2/13/2017,5029,4984,4997,4992,2301628,3496.024902
30,2/14/2017,4998.169922,4913.5,4964,4930,6181208,3452.604248
31,2/15/2017,4997.437988,4916,4950,4964.5,2755705,3476.765137
32,2/16/2017,5009,4950,4964.5,4976.5,1999633,3485.169434
33,2/17/2017,5040,4966,4983,5004,4754192,3504.428711
34,2/20/2017,5016,4963,5001,4982.5,1974658,3489.371582
35,2/21/2017,5013,4966.109863,4968,4993,3051953,3496.725342
36,2/22/2017,5019,4975.425781,4985,5000,2503221,3501.627197
37,2/23/2017,5064,4970,4970,5060,3037521,3543.64624
38,2/24/2017,5076,5021,5070,5070,2446321,3550.649902
39,2/27/2017,5123.5,5055.592773,5071,5092,2966778,3566.057373
40,2/28/2017,5100,5062,5092,5080,3233532,3557.653809
41,3/1/2017,5165,5080,5147,5161,3124236,3614.379639
42,3/2/2017,5170,5124,5160,5155,3045031,3610.17749
43,3/3/2017,5156,5086,5156,5107,4532880,3576.562012
44,3/6/2017,5094,5060,5083,5082,2910541,3559.053955
45,3/7/2017,5120,5090,5102,5108,1757873,3577.262695
46,3/8/2017,5121,5085,5113,5102,2659266,3573.060547
47,3/9/2017,5100,5065,5094,5100,2217446,3571.659912
48,3/10/2017,5128,5097,5100,5108,4045369,3577.262695
49,3/13/2017,5141,5097,5121,5139,2931940,3598.972656
50,3/14/2017,5187,5118,5140,5171,4551522,3621.382813
51,3/15/2017,5196,5146,5179,5185,3016599,3631.187256
52,3/16/2017,5254.271973,5067,5072,5149,4459878,3690.023926
53,3/17/2017,5192,5122,5122,5192,6430586,3720.8396
54,3/20/2017,5202,5074.444824,5165,5188,2174425,3717.973877
55,3/21/2017,5227.86084,5148,5183,5188,2560690,3717.973877
56,3/22/2017,5208,5154.012207,5176,5180,2908669,3712.240723
57,3/23/2017,5204.839844,5134,5168,5174,2728852,3707.939697
58,3/24/2017,5277,5131.926758,5200,5277,3819330,3781.755127
59,3/27/2017,5281.474121,5227,5254,5228,3431564,3746.640381
60,3/28/2017,5236,5194,5208,5219,2401609,3740.189697
61,3/29/2017,5318,5227.901855,5245,5318,3314761,3811.138672
62,3/30/2017,5328,5212.957031,5324,5310,3438318,3805.405029
63,3/31/2017,5304.97998,5275,5286,5300,5066074,3798.238525
64,4/3/2017,5310,5265,5303,5290,3082897,3791.07251
65,4/4/2017,5338,5275,5294,5290,2632443,3791.07251
66,4/5/2017,5333,5270,5296,5318,2708529,3811.138672
67,4/6/2017,5343,5288,5318,5291,2520375,3791.789063
68,4/7/2017,5360,5272,5290,5357,2322304,3839.087891
69,4/10/2017,5367,5320,5351,5345,1828065,3830.487061
70,4/11/2017,5408,5328,5336,5392,2445889,3864.169189
71,4/12/2017,5400,5355,5376,5382,2091560,3857.003662
72,4/13/2017,5401,5369,5381,5383,1941833,3857.720215
73,4/18/2017,5408,5263,5400,5263,3748843,3771.7229
74,4/19/2017,5255,5175,5242,5185,3475007,3715.82373
75,4/20/2017,5243,5188,5197,5218,4856435,3739.473145
76,4/21/2017,5212,5165,5174,5200,2447812,3726.572998
77,4/24/2017,5331,5227,5258,5328,2719408,3818.304443
78,4/25/2017,5358,5290,5344,5290,2420004,3791.07251
79,4/26/2017,5336,5275,5281,5307,2619882,3803.255127
80,4/27/2017,5289,5226,5288,5236,1888064,3752.373535
81,4/28/2017,5337,5182,5249,5215,2754105,3737.32251
82,5/2/2017,5288,5223.809082,5241,5266,2681830,3773.872803
83,5/3/2017,5277,5225,5260,5233,2488262,3750.223633
84,5/4/2017,5268,5227,5245,5239,2184148,3754.523926
85,5/5/2017,5301,5224,5232,5287,2192816,3788.921143
86,5/8/2017,5320,5275,5287,5320,2364180,3812.571045
87,5/9/2017,5371,5310,5315,5310,2684084,3805.405029
88,5/10/2017,5335,5262,5296,5317,2587709,3810.421631
89,5/11/2017,5363,5302.649902,5329,5339,2614629,3826.1875
90,5/12/2017,5408,5319.330078,5364,5408,2377463,3875.636475
91,5/15/2017,5422,5360.198242,5408,5394,2123906,3865.60376
92,5/16/2017,5506.651855,5391,5404,5505,3516719,3945.151611
93,5/17/2017,5524,5465,5500,5480,2368179,3927.235107
94,5/18/2017,5510,5373.25,5500,5386,2871974,3859.869629
95,5/19/2017,5421,5370,5410,5401,3533494,3870.620361
96,5/22/2017,5467,5418,5424,5467,2011206,3917.918701
97,5/23/2017,5479,5420,5461,5420,2612919,3884.23584
98,5/24/2017,5446.339844,5409,5429,5432,2293371,3892.834961
99,5/25/2017,5501,5450,5451,5495,1521415,3937.984375
100,5/26/2017,5602,5492,5502,5591,2156773,4006.783936
101,5/30/2017,5565,5454,5560,5501,2869578,3942.284424
102,5/31/2017,5571,5483.693848,5532,5530,4288901,3963.067383
103,6/1/2017,5593,5465.85498,5548,5508,2735786,3947.301514
104,6/2/2017,5590,5537.569824,5558,5578,2314321,3997.467285
105,6/5/2017,5612,5565.660156,5581,5580,1908343,3998.899902
106,6/6/2017,5643.600098,5564,5566,5643,2333143,4044.047852
107,6/7/2017,5639,5569,5624,5583,2749252,4001.049316
108,6/8/2017,5633.964844,5506.449219,5610,5507,2755967,3946.584961
109,6/9/2017,5634,5499,5557,5518,4220723,3954.467773
110,6/12/2017,5538.200195,5396.500977,5450,5462,3529768,3914.335693
111,6/13/2017,5475.756836,5397,5463,5414,2675190,3879.936279
112,6/14/2017,5498.183105,5314,5325,5446,4130438,3902.869629
113,6/15/2017,5465,5395,5455,5440,3809847,3898.56958
114,6/16/2017,5512,5439,5447,5499,5632662,3940.851563
115,6/19/2017,5578,5500,5544,5567,1922913,3989.583008
116,6/20/2017,5611,5552,5587,5563,166448,3986.716553
117,6/21/2017,5589.915039,5490,5578,5553,305159,3979.550781
118,6/22/2017,5561.660156,5484,5561,5485,266738,3930.817871
119,6/23/2017,5517,5439,5467,5482,255908,3928.668213
120,6/26/2017,5516,5477,5507,5494.314941,297828,3937.495117
121,6/27/2017,5488,5423,5465,5445.35791,604492,3902.409668
122,6/28/2017,5421,5346,5409,5351,311753,3834.787354
123,6/29/2017,5371,5235,5340,5235,631381,3751.656494
124,6/30/2017,5280,5189.174805,5235,5234,805603,3750.939453
125,7/3/2017,5253,5210,5214,5236,2503098,3752.373535
126,7/4/2017,5228,5177,5205,5177,2095120,3710.09082
127,7/5/2017,5262,5160,5177,5257,3326153,3767.42334
128,7/6/2017,5277,5157.669922,5246,5184,3188843,3715.107422
129,7/7/2017,5247,5160,5168,5219,3100051,3740.189697
130,7/10/2017,5241.810059,2879.889893,5220,5210,2523085,3733.73999
131,7/11/2017,5210,5210,5210,5210,0,3733.73999
132,7/12/2017,5289,5184,5189,5278,4142385,3782.471436
133,7/13/2017,5317,5276,5285,5290,6173058,3791.07251
134,7/14/2017,5289,5253,5275,5277,3309899,3781.755127
135,7/17/2017,5330,5254.589844,5288,5305,2438145,3801.821777
136,7/18/2017,5273.347168,5214,5247,5237,3688839,3753.089111
137,7/19/2017,5315,5215,5220,5288,3535884,3789.638672
138,7/20/2017,5433,5306,5325,5425,5380593,3887.818604
139,7/21/2017,5485,5405.220215,5423,5485,7525778,3930.817871
140,7/24/2017,5529,5358,5482,5413,66484464,3879.219727
141,7/25/2017,5356,5256,5312,5283,12775345,3786.054932
142,7/26/2017,5394,5264.125977,5311,5323,10742018,3814.72168
143,7/27/2017,5483,5300,5330,5322,8971130,3814.003662
144,7/28/2017,5500.773926,4591,5350,4960,19707484,3554.578125
145,7/31/2017,4975,4711.615234,4960,4713.5,11646047,3377.923828
146,8/1/2017,4833.5,4664,4713.5,4832,7208370,3462.84668
147,8/2/2017,4854,4802,4844,4854,6067910,3478.612793
148,8/3/2017,5004,4494.700195,4872,5004,7528431,3586.110352
149,8/4/2017,5100,4998.5,5020,5057,5691783,3624.093506
150,8/7/2017,5079,5026,5073,5055,2549527,3622.659424
151,8/8/2017,5042,4975.5,5041,4990,4704669,3576.077881
152,8/9/2017,5011,4928.5,4940,4976.5,5767934,3566.402832
153,8/10/2017,5005.174805,4895.5,4980,4903,2384794,3513.729004
154,8/11/2017,4904.5,4820,4830,4855.5,3182315,3479.687744
155,8/14/2017,4885.5,4832,4884.5,4845.5,2888322,3472.522217
156,8/15/2017,4937,4845.5,4867.5,4907.5,2444587,3516.954102
157,8/16/2017,4956,4857.686035,4930.5,4929,2485495,3532.362305
158,8/17/2017,4882,4823.5,4855,4832,2595685,3503.001221
159,8/18/2017,4789.5,4723.5,4789.5,4752,3166771,3445.00415
160,8/21/2017,4784,4718.5,4732,4777,2684069,3463.128174
161,8/22/2017,4829.5,4769,4795,4773,2094958,3460.228516
162,8/23/2017,4787,4722,4722,4728.5,3332074,3427.967529
163,8/24/2017,4871,4751,4759.5,4840,3751170,3508.800293
164,8/25/2017,4875.5,4816.5,4840,4835,2759431,3505.175537
165,8/29/2017,4789,4736.5,4756,4752.5,3012737,3445.366211
166,8/30/2017,4801.5,4754,4791.5,4754,2530433,3446.453857
167,8/31/2017,4839,4747.5,4761,4831,3260257,3502.275879
168,9/1/2017,4850,4799,4835.5,4815.5,2615524,3491.039795
169,9/4/2017,4844,4794,4794,4808.5,1050699,3485.9646
170,9/5/2017,4816.5,4776.5,4804.5,4776.5,2407529,3462.765625
171,9/6/2017,4821,4744,4761.5,4812,3189004,3488.501465
172,9/7/2017,4924,4839.5,4855,4903.5,3860062,3554.835449
173,9/8/2017,4963,4882,4886.5,4917,3943868,3564.622559
174,9/11/2017,4939.5,4895,4925,4897.5,3128016,3550.48584
175,9/12/2017,4893,4789,4892.5,4798.5,4899819,3478.715088
176,9/13/2017,4824,4747.495117,4807,4813,4095773,3489.226318
177,9/14/2017,4833,4692,4819,4692.5,4587643,3401.869141
178,9/15/2017,4748.111816,4642.5,4680,4741,7564775,3437.029053
179,9/18/2017,4758,4673,4746,4704,2881055,3410.206787
180,9/19/2017,4707,4645,4684,4648.5,4430380,3369.970947
181,9/20/2017,4683,4593.334961,4635,4606,2416451,3339.159668
182,9/21/2017,4626.5,4552,4590,4565,4045975,3309.436279
183,9/22/2017,4630,4546,4560.5,4611,3000541,3342.784668
184,9/25/2017,4613.5,4550,4613.5,4585,3039916,3323.936523
185,9/26/2017,4655,4508.5,4595.5,4650,4485152,3371.057861
186,9/27/2017,4722,4638,4664.5,4704.5,4557521,3410.568604
187,9/28/2017,4708,4640.5,4708,4650,3741810,3371.057861
188,9/29/2017,4708,4646.5,4654,4672,3748168,3387.007813
189,10/2/2017,4717,4645.5,4686.5,4717,3251356,3419.631104
190,10/3/2017,4719,4650.5,4719,4704,3164333,3410.206787
191,10/4/2017,4748.5,4694.5,4699,4736.5,2174343,3433.768066
192,10/5/2017,4737.5,4686.5,4710,4705,4206231,3410.930664
193,10/6/2017,4811,4701.637207,4708,4781.5,4592287,3466.390137
194,10/9/2017,4828,4783.5,4815,4819.5,3104283,3493.938477
195,10/10/2017,4890,4804.5,4827,4888.5,3573832,3543.960449
196,10/11/2017,4920,4868.5,4909.5,4916.5,4429718,3564.259766
197,10/12/2017,4949.5,4875.5,4913,4881.5,3293659,3538.886719
198,10/13/2017,4872,4827.5,4867,4858,2620507,3521.850098
199,10/16/2017,4873.5,4810.632813,4845,4848.5,3112497,3514.962891
200,10/17/2017,4890,4841,4859.5,4865,2645703,3526.924561
201,10/18/2017,4888.5,4852.5,4876.5,4870.5,1913666,3530.911621
202,10/19/2017,4868.5,4796.5,4838.5,4828,2757856,3500.101563
203,10/20/2017,4875,4821,4838,4849.5,3325039,3515.6875
204,10/23/2017,4928,4862,4872,4867,2298264,3528.374023
205,10/24/2017,4876.5,4783.5,4852,4825,3896886,3497.926025
206,10/25/2017,4962,4826,4838.5,4843.5,5479796,3511.337891
207,10/26/2017,4988.5,4861.5,4866.5,4966,4805895,3600.145752
208,10/27/2017,5034,4986,5000,5022,3443522,3640.742432
209,10/30/2017,5022,4911.5,5000,4917,3353356,3564.622559
210,10/31/2017,4928,4833.5,4922,4871,3020873,3531.274658
211,11/1/2017,4912,4857.5,4871,4891,5729820,3545.772949
212,11/2/2017,4984,4890.5,4893.5,4970,3970851,3603.045898
213,11/3/2017,4997.5,4958.5,4969.5,4995.5,2963242,3621.531982
214,11/6/2017,4994,4949,4974.5,4959,1901404,3595.070801
215,11/7/2017,4961.5,4877,4958.5,4932,3232540,3575.496582
216,11/8/2017,5006,4941.5,4963.5,4956,2905912,3592.895996
217,11/9/2017,4980,4926,4960,4950.5,2673956,3588.908936
218,11/10/2017,4965,4892.5,4946,4910,2037917,3559.547852
219,11/13/2017,4980,4933,4944,4937,2154602,3579.121582
220,11/14/2017,4943.5,4865.5,4936,4900,2835951,3552.297852
221,11/15/2017,4921,4875.5,4875.5,4891,2983684,3545.772949
222,11/16/2017,4958,4892,4898.5,4955,2690666,3592.17041
223,11/17/2017,5017,4951.5,4952.5,4983.5,3107478,3612.832031
224,11/20/2017,5007,4950.5,4963,5002,1726667,3626.243652
225,11/21/2017,5100,4966,4984,5091,3427075,3690.764893
226,11/22/2017,5085,5023,5079,5029,2575350,3645.818115
227,11/23/2017,5049,4979.5,5006,5049,1681966,3660.31665
228,11/24/2017,5044,4985.5,5043,5004,1917280,3627.69458
229,11/27/2017,5024,4967.5,4991,4967.5,2769595,3601.23291
230,11/28/2017,4985.5,4928,4965.5,4969,2840220,3602.319824
231,11/29/2017,4928.5,4800.5,4924.5,4802,5013975,3481.252441
232,11/30/2017,4848,4689,4799,4689,12208374,3399.331787
233,12/1/2017,4784.5,4673.5,4674,4784.5,5488723,3468.564453
234,12/4/2017,4826,4744.5,4818.5,4795.5,3405737,3476.539795
235,12/5/2017,4885,4810,4810.5,4850,3188496,3516.049561
236,12/6/2017,5058,4830.5,4837.5,5028,4351905,3645.092041
237,12/7/2017,5050,4923.5,5047,4958.5,4756554,3594.707764
238,12/8/2017,4965,4890.5,4938,4939,3807134,3580.571777
239,12/11/2017,5043,4965,4973.5,5002,3658475,3626.243652
240,12/12/2017,5055,4981.5,5017,5044,3666401,3656.691895
241,12/13/2017,5071,4995.5,5031,5045.149902,5863803,3657.525391
242,12/14/2017,5027,4924.5,5020,4924.5,3561034,3570.060059
243,12/15/2017,4974.5,4898.5,4898.5,4967,6406250,3600.870361
244,12/18/2017,5015,4956.5,4962,4960,3044531,3595.796143
245,12/19/2017,5037,4948,4985,4995,6040618,3621.168945
246,12/20/2017,4999.5,4914.5,4983,4920,3747052,3566.797852
247,12/21/2017,5037,4920.5,4934,5013,3435928,3634.218506
248,12/22/2017,5058,4970,5030,4970,922884,3603.045898
249,12/27/2017,5023,4920.5,4920.5,5005,2459378,3628.418701
250,12/28/2017,5002,4941,5000,4955.5,1966504,3624.104004
251,12/29/2017,5024,4953.5,4969.5,5018,1225138,3669.812012
252,1/2/2018,5046,4917.5,5008,4940,2778691,3612.769043
253,1/3/2018,4970.5,4899,4970,4936.5,1708852,3610.207764
254,1/4/2018,4961,4909.5,4942.5,4914.5,4431206,3594.119873
255,1/5/2018,4970,4906.5,4909,4970,2060262,3634.708252
256,1/8/2018,4966,4920.5,4956,4925,2453206,3601.79834
257,1/9/2018,5070,4935.5,4935.5,4959.5,3829035,3627.028809
258,1/10/2018,4984.5,4944.5,4946.5,4965,5158909,3631.05249
259,1/11/2018,5068,4990.5,4992,5050,3199185,3693.214111
260,1/12/2018,5037,4960,5037,4968,4642136,3633.24585
261,1/15/2018,5037,4961.5,4963.5,5015,2701264,3667.617432
262,1/16/2018,5103,5013,5040,5033,5117365,3680.781982
263,1/17/2018,5036,4994,5015,5003,2870566,3658.842285
264,1/18/2018,5044,4932,5029,4950,4267024,3620.081055
265,1/19/2018,5062,4930.5,4930.5,5062,4392312,3701.990723
266,1/22/2018,5079,5024,5028,5042,4598956,3687.364258
267,1/23/2018,5108,5026,5064,5100,4124967,3729.781738
268,1/24/2018,5099,4976,5089,4976,4180973,3639.095947
269,1/25/2018,4995.5,4864.5,4973.5,4870,3454325,3561.574951
270,1/26/2018,4939,4827.5,4851.5,4939,4582271,3612.036621
271,1/29/2018,4927,4860.5,4923.5,4875,3652627,3565.231201
272,1/30/2018,4892.5,4831.5,4851,4831.5,3409311,3533.418701
273,1/31/2018,4883,4800.5,4846.5,4819,3524817,3524.277832
274,2/1/2018,4864.5,4810,4827.5,4824,4148965,3527.934082
275,2/2/2018,4809.5,4750,4794,4760,3356902,3481.128662
276,2/5/2018,4738.5,4632.5,4738.5,4632.5,4527820,3387.884766
277,2/6/2018,4612,4450,4521.5,4519.5,6122151,3305.243652
278,2/7/2018,4677,4540,4592,4645,4604862,3397.026123
279,2/8/2018,4590,4480,4567,4497.5,7018191,3289.154541
280,2/9/2018,4512.5,4405,4472,4412.5,5546152,3226.991211
281,2/12/2018,4494,4407,4440.5,4465,6404929,3265.38623
282,2/13/2018,4493.5,4379,4468.5,4381.5,8354422,3204.320801
283,2/14/2018,4488.5,4416.5,4432,4440,6531655,3247.104004
284,2/15/2018,4448.5,4387,4448.5,4423.5,4200813,3235.036377
285,2/16/2018,4463,4416.5,4455,4451.5,3192214,3255.513428
286,2/19/2018,4469.5,4419,4430,4440,2108026,3247.104004
287,2/20/2018,4493,4432.5,4448,4493,4630010,3285.864014
288,2/21/2018,4509.5,4418,4460,4450,4214904,3254.416748
289,2/22/2018,4354.5,4193.5,4275,4354.5,10867596,3184.574951
290,2/23/2018,4460,4359,4369.5,4460,5561213,3261.730469
291,2/26/2018,4488,4434,4487,4464.5,2740151,3265.020996
292,2/27/2018,4480.5,4395.5,4462,4397.5,5414845,3216.021484
293,2/28/2018,4402.5,4295.5,4348,4295.5,6511657,3141.425781
294,3/1/2018,4337.5,4240,4280,4271.5,5767155,3123.874268
295,3/2/2018,4302.5,4195,4260,4220,4982082,3086.211182
296,3/5/2018,4222.5,4162.5,4201.5,4221,4861536,3086.942139
297,3/6/2018,4255.5,4183.5,4240.5,4195,3632907,3067.92749
298,3/7/2018,4234.5,4177.5,4191,4200,4865190,3071.584473
299,3/8/2018,4268.5,4188,4200,4261.5,3843024,3116.560791
300,3/9/2018,4300,4257,4270,4273.5,3291217,3125.337402
301,3/12/2018,4300,4250,4291.5,4255,3498014,3111.806885
302,3/13/2018,4253,4160,4230.5,4166,3865105,3046.719238
303,3/14/2018,4240,4159,4160,4234,4691667,3096.449463
304,3/15/2018,4284,4169,4205,4220,6084584,3086.211182
305,3/16/2018,4228,4183,4194.5,4183.5,6599971,3059.51709
306,3/19/2018,4161,4025.5,4160,4030,5240333,2947.257813
307,3/20/2018,4086.5,3961.5,4031,3988,5940796,2916.541992
308,3/21/2018,3987.5,3863,3987.5,3874.5,6084993,2833.536865
309,3/22/2018,3885,3775,3840,3885,6940504,2877.45752
310,3/23/2018,3942.5,3873.5,3873.5,3921.5,6841191,2904.491455
311,3/26/2018,3935,3879.5,3935,3900,4714658,2888.567139
312,3/27/2018,3963.5,3903.5,3925.5,3946,3838522,2922.637939
313,3/28/2018,4084,3897.5,3921,4084,7443128,3024.849365
314,3/29/2018,4190,4068.5,4111.5,4131,8212141,3059.659424
315,4/3/2018,4198.5,4077,4090,4150,6994953,3073.732178
316,4/4/2018,4216,4121,4139.5,4212.5,7163752,3120.022949
317,4/5/2018,4288,4212.5,4283.5,4286,5148684,3174.461914
318,4/6/2018,4339,4271.5,4271.5,4311,3914904,3192.978516
319,4/9/2018,4328.5,4264,4326.5,4308.5,4203791,3191.126465
320,4/10/2018,4321,4251,4313.5,4260.5,3744578,3155.574219
321,4/11/2018,4254,4205.5,4231,4220,4200229,3125.578369
322,4/12/2018,4215.5,4174,4211,4174,4526496,3091.507813
323,4/13/2018,4171,4119,4171,4119,6319359,3050.771729
324,4/16/2018,4148,4035,4126.5,4043,6052433,2994.481689
325,4/17/2018,4046,3965.5,4036,3965.5,6588218,2937.080566
326,4/18/2018,4015,3859.5,3959.5,3859.5,7514872,2858.570557
327,4/19/2018,3890.5,3553,3873.5,3650,12657729,2703.402832
328,4/20/2018,3727,3667,3673,3700,9223567,2740.436035
329,4/23/2018,3761,3663,3684,3754.5,6490836,2780.801758
330,4/24/2018,3807,3698,3767.5,3744,6117469,2773.024902
331,4/25/2018,3851,3721,3725,3850,8884900,2851.53418
332,4/26/2018,3965.5,3840,3858,3965.5,9151763,2937.080566
333,4/27/2018,4046,3960,3984,4030.5,5766713,2985.223633
334,4/30/2018,4052.5,3993.5,4026.5,3999,3943285,2961.893311
335,5/1/2018,3984.5,3882,3943,3900,3757455,2888.567139
336,5/2/2018,4003.5,3919.5,3925,3919.5,5068419,2903.01001
337,5/3/2018,3932,3884,3884,3898,5219663,2887.086426
338,5/4/2018,3922,3871,3888,3888,6362092,2879.679688
339,5/8/2018,3910.5,3809,3876,3809,4248257,2821.167725
340,5/9/2018,3910.5,3802.5,3812,3909,6806517,2895.233643
341,5/10/2018,3915,3853.5,3895,3915,3255971,2899.677246
342,5/11/2018,3911,3855,3899.5,3860,4071968,2858.940674
343,5/14/2018,3845.5,3800.5,3821.5,3811,4033250,2822.64917
344,5/15/2018,3878.5,3801.5,3808.5,3826.5,4692294,2834.128906
345,5/16/2018,3852.5,3809,3830,3840,5376200,2844.128174
346,5/17/2018,3869,3814,3824.5,3815,15540323,2825.611572
347,5/18/2018,3841.5,3794.5,3816.5,3800,5551046,2814.501709
348,5/21/2018,3837.5,3754.5,3822,3764.5,4044665,2788.207764
349,5/22/2018,3796,3733.5,3761.5,3762.5,6717494,2786.726563
350,5/23/2018,3829,3759.5,3769,3764,6043687,2787.837646
351,5/24/2018,3822.5,3765,3776,3800,5830944,2814.501709
352,5/25/2018,3876.5,3767,3818.5,3869,4656965,2865.606689
353,5/29/2018,3863.5,3779.25,3852,3789,5062068,2806.354492
354,5/30/2018,3809,3770.5,3793.5,3809,5126386,2821.167725
355,5/31/2018,3884.5,3822.5,3830,3869,10418593,2865.606689
356,6/1/2018,3885.5,3809.5,3869,3825.5,5070224,2833.388184
357,6/4/2018,3887,3784.5,3809.5,3810.5,5309529,2822.278564
358,6/5/2018,3830,3731,3806.5,3740,4829336,2770.061768
359,6/6/2018,3735,3689,3722,3703,4913208,2742.657715
360,6/7/2018,3744,3645,3732,3645,6411924,2699.699463
361,6/8/2018,3688.5,3595.5,3630,3656,4829002,2707.846924
362,6/11/2018,3772.5,3680,3680,3746.5,5186814,2774.876465
363,6/12/2018,3817.5,3680,3815.5,3680,5691300,2725.622314
364,6/13/2018,3729.5,3646.5,3688,3716,5101740,2752.286133
365,6/14/2018,3759,3662,3687,3734.5,5507569,2765.988281
366,6/15/2018,3757.5,3693.5,3721.5,3694,7967329,2735.991943
367,6/18/2018,3724,3630,3700,3635,3564679,2692.292725
368,6/19/2018,3704,3609.5,3614,3691,6405072,2733.77002
369,6/20/2018,3820,3718,3719,3779,6142851,2798.947998
370,6/21/2018,3860.5,3788.5,3803,3839,6028446,2843.387695
371,6/22/2018,3911,3812.5,3840,3911,6181395,2896.7146
372,6/25/2018,3908,3794.5,3900,3803,3538387,2816.723877
373,6/26/2018,3836.5,3756,3808,3756,4541104,2781.912109
374,6/27/2018,3786.5,3725.5,3756,3782,4722975,2801.169922
375,6/28/2018,3890,3700,3703.5,3877,5538519,2909.068604
376,6/29/2018,3954.5,3819,3904.5,3830,5124572,2873.802002
377,7/2/2018,3841,3779.5,3808.5,3820,3829403,2866.299316
378,7/3/2018,3934,3833,3833,3910,4045334,2933.829834
379,7/4/2018,3962.5,3880,3911,3931.5,2587107,2949.961914
380,7/5/2018,3948,3880.5,3931,3900,3364377,2926.32666
381,7/6/2018,3954,3893.5,3915,3903.5,2596340,2928.952881
382,7/9/2018,3961.5,3900,3910.5,3959.5,3054830,2970.97168
383,7/10/2018,3958.5,3884,3958.5,3931.5,3066986,2949.961914
384,7/11/2018,3914.5,3869.5,3904.5,3880,4271787,2911.319336
385,7/12/2018,3930.5,3891.5,3892.5,3927,2337156,2946.585693
386,7/13/2018,3980,3914.5,3931,3925.5,3118179,2945.460205
387,7/16/2018,3924,3838,3920,3875.319092,2980657,2907.807617
388,7/17/2018,3862.5,3794,3857.5,3820.5,4753017,2866.674316
389,7/18/2018,3889.5,3802.5,3821,3838,3335504,2879.805664
390,7/19/2018,3900.5,3784,3825,3862,6473128,2897.813721
391,7/20/2018,3995.5,3879.5,3900,3960,5162662,2971.347168
392,7/23/2018,3958.5,3878,3958.5,3921.5,2654614,2942.458984
393,7/24/2018,3978.5,3907,3935.5,3949.5,2644262,2963.468262
394,7/25/2018,3977,3922.5,3962,3973,2466479,2981.101318
395,7/26/2018,4206.5,4050,4050,4177,5483969,3134.170898
396,7/27/2018,4177,4098,4173,4115,3991323,3087.649902
397,7/30/2018,4175,4087,4124.5,4152.5,2845810,3115.787354
398,7/31/2018,4265,4168.5,4173.5,4201,3785537,3152.179199
399,8/1/2018,4200,4135.5,4190,4181.5,4417331,3137.547363
400,8/2/2018,4203.5,4144.5,4172,4150,2920880,3113.911865
401,8/3/2018,4196,4117,4117,4189.5,3150247,3143.550049
402,8/6/2018,4221,4151.5,4200.5,4172.5,3152809,3130.794434
403,8/7/2018,4203.5,4154,4162,4170.5,3011229,3129.293701
404,8/8/2018,4222,4172,4181,4212,3464901,3160.432129
405,8/9/2018,4219,4130.5,4209.5,4194,2531605,3146.92627
406,8/10/2018,4221.5,4149.5,4204.5,4154.5,3130553,3117.288086
407,8/13/2018,4192.5,4093.5,4160,4149,3319057,3113.161133
408,8/14/2018,4186,4119.5,4141.5,4172,4757780,3130.419189
409,8/15/2018,4191,4068,4188,4088,4906574,3067.390381
410,8/16/2018,4166,4120,4149,4158,3541615,3119.914307
411,8/17/2018,4210,4143,4143,4203,3268747,3153.679688
412,8/20/2018,4234,4177,4219,4222.5,2834058,3168.311279
413,8/21/2018,4240,4122.5,4222.5,4122.5,3387086,3093.2771
414,8/22/2018,4163.5,4085,4132.5,4086.5,3423869,3066.264404
415,8/23/2018,4098,4040,4096.5,4047.5,2761714,3037.001709
416,8/24/2018,4058,3909,4047,3909,4165262,2933.079346
417,8/28/2018,3945,3867.5,3927.5,3892,3838070,2920.32373
418,8/29/2018,3903,3833.5,3897,3837,2777909,2879.055176
419,8/30/2018,3814.5,3764,3812.5,3778.5,2670189,2835.1604
420,8/31/2018,3782,3720.5,3756,3721.5,3655175,2792.390381
421,9/3/2018,3736,3665,3703,3729,2810391,2798.018311
422,9/4/2018,3775,3729.5,3735,3743,3336924,2808.522705
423,9/5/2018,3741.5,3670,3741.5,3712.5,4273679,2785.637695
424,9/6/2018,3730,3668,3720,3682.5,3665428,2763.127686
425,9/7/2018,3701.5,3649,3700,3685,5047118,2765.003174
426,9/10/2018,3700,3643,3691.5,3653.5,3486983,2741.367432
427,9/11/2018,3634,3545.5,3634,3554.5,5454365,2667.08374
428,9/12/2018,3798,3465,3551.5,3763,10705238,2823.529785
429,9/13/2018,3801,3643,3767,3691.5,5618073,2769.880127
430,9/14/2018,3731,3656.5,3700,3659.5,3219995,2745.869873
431,9/17/2018,3711.5,3642,3650,3669,2391135,2752.997803
432,9/18/2018,3678,3581,3678,3600,4501192,2701.224609
433,9/19/2018,3650,3506,3606,3560,5677633,2671.211182
434,9/20/2018,3580.5,3507,3561,3521,6103917,2641.947754
435,9/21/2018,3617,3535.5,3584.5,3617,8417866,2713.97998
436,9/24/2018,3614,3511,3599.5,3544,4914471,2659.205322
437,9/25/2018,3559.5,3457.5,3531.5,3540,4225724,2656.204102
438,9/26/2018,3587,3491,3532,3552,5158737,2665.208252
439,9/27/2018,3622,3526,3535.5,3614.5,3478970,2712.104492
440,9/28/2018,3643.5,3580,3595.5,3584.5,3830569,2689.593994
441,10/1/2018,3586,3503,3580,3503,3046312,2628.440918
442,10/2/2018,3567,3488,3500.5,3557,2723989,2668.959961
443,10/3/2018,3606,3553,3584,3570,3561737,2678.714111
444,10/4/2018,3514,3389.5,3514,3450,3910222,2624.549316
445,10/5/2018,3487.5,3413,3458,3424.5,2750066,2605.150635
446,10/8/2018,3462,3409,3425,3422,3392960,2603.249023
447,10/9/2018,3426.5,3352.5,3400,3417.5,4258126,2599.825439
448,10/10/2018,3480.5,3356,3390,3450,6121293,2624.549316
449,10/11/2018,3476,3400.5,3425,3405,7978999,2590.316406
450,10/12/2018,3408,3220,3408,3272,10612160,2489.137939
451,10/15/2018,3332.5,3264,3271,3331,4011647,2534.02124
452,10/16/2018,3333.5,3171,3314,3176.5,6523811,2416.487305
453,10/17/2018,3303,3175,3210,3284,5109323,2498.267578
454,10/18/2018,3314,3209,3289.5,3275,4101980,2491.420166
455,10/19/2018,3310,3255.5,3279.5,3299.5,3993870,2510.05835
456,10/22/2018,3379.5,3282.5,3300,3362,4176410,2557.60498
457,10/23/2018,3541.5,3330,3337,3504.5,10144426,2666.01001
458,10/24/2018,3607.5,3497,3519.5,3527.5,4955180,2683.507324
459,10/25/2018,3608.5,3513.5,3531.5,3608,4789786,2744.746338
460,10/26/2018,3657.5,3564.5,3609,3619,4699980,2753.114502
461,10/29/2018,3659,3548.5,3600,3549,4146739,2699.862793
462,10/30/2018,3584,3448,3543.5,3448,3988405,2623.02832
463,10/31/2018,3483,3384.5,3479,3393.5,5747441,2581.568115
464,11/1/2018,3447,3367,3394,3417.5,4337646,2599.825439
465,11/2/2018,3459,3335,3459,3342.5,4560242,2542.770508
466,11/5/2018,3449.5,3331,3343,3407,4058776,2591.837402
467,11/6/2018,3434.5,3274.5,3404,3343,6088689,2543.150635
468,11/7/2018,3451,3353.5,3353.5,3426,3681476,2606.291748
469,11/8/2018,3441,3367,3425.5,3371.5,3147678,2564.831787
470,11/9/2018,3449.5,3314.5,3350,3314.5,4799144,2521.469238
471,11/12/2018,3070,2950,3000,2962.5,13250470,2253.689209
472,11/13/2018,2992,2818.5,2965,2836.5,11125966,2157.836182
473,11/14/2018,2917.5,2813.5,2845.5,2818,6923222,2143.762695
474,11/15/2018,2869,2760,2828.5,2775,9551922,2111.050781
475,11/16/2018,2801,2677.5,2760,2707,10423062,2059.320557
476,11/19/2018,2750,2694.5,2699,2722,4998099,2070.731689
477,11/20/2018,2748,2686,2697,2726.5,6091871,2074.155273
478,11/21/2018,2728,2687,2711.5,2723,6010494,2071.492432
479,11/22/2018,2712,2662,2690,2670,5784948,2031.173462
480,11/23/2018,2774.5,2650,2664,2731.5,7182432,2077.958984
481,11/26/2018,2746,2687.5,2723,2717,4379994,2066.927979
482,11/27/2018,2768,2702,2728.5,2724.5,4818273,2072.633789
483,11/28/2018,2766,2723.5,2723.5,2737,7136648,2082.142578
484,11/29/2018,2825.5,2769,2770,2781,4647037,2115.615234
485,11/30/2018,2784,2723,2781,2750,7016433,2092.032227
486,12/3/2018,2840,2760,2765,2783,5877622,2117.136719
487,12/4/2018,2796.5,2728.5,2788.5,2747,5592011,2089.750488
488,12/5/2018,2760,2702.5,2723.5,2727,3111958,2074.535889
489,12/6/2018,2784.5,2676,2721.5,2680.5,6945166,2039.161011
490,12/7/2018,2742.5,2643,2701.5,2663.5,6769348,2026.228027
491,12/10/2018,2757,2643.5,2651.5,2721,6396277,2069.970947
492,12/11/2018,2778,2681.5,2725.5,2725,5630985,2073.013916
493,12/12/2018,2790,2737.5,2770,2739.5,6782066,2084.045166
494,12/13/2018,2766.5,2670.5,2756.5,2701.5,4153688,2055.136475
495,12/14/2018,2689.5,2626,2667.5,2660,4881445,2023.565796
496,12/17/2018,2670.5,2619,2647,2628,3295042,1999.222168
497,12/18/2018,2641,2568,2628,2574,4993372,1958.142334
498,12/19/2018,2578,2523,2557,2550.5,6873655,1940.265015
499,12/20/2018,2629.5,2526,2540,2553,6250929,1942.166626
500,12/21/2018,2566,2497,2553,2533,11070337,1926.951782
501,12/24/2018,2533,2480,2483,2519,1798628,1916.301636
502,12/27/2018,2527.5,2438.5,2491,2462.5,5115189,1910.328491
503,12/28/2018,2602,2465,2482,2569,4914074,1992.947388
504,12/31/2018,2582,2498.5,2572.5,2500,1781332,1939.419434
505,1/2/2019,2511,2463,2499.5,2479,3870961,1923.128296
506,1/3/2019,2512,2464,2480,2485,4494401,1927.782959
507,1/4/2019,2599,2501,2524,2583,4713797,2003.808105
508,1/7/2019,2654,2456.5,2607.5,2474.5,5977850,1919.637329
509,1/8/2019,2535.5,2469.5,2487,2506.5,5821475,1944.461914
510,1/9/2019,2557,2485.5,2540.5,2497,6601645,1937.092163
511,1/10/2019,2546.5,2480,2481,2505,4989971,1943.298462
512,1/11/2019,2559.5,2511.5,2523.5,2547,5365062,1975.880615
513,1/14/2019,2560,2494.5,2544.5,2500,2970342,1939.419434
514,1/15/2019,2550,2499.5,2550,2504,4296962,1942.522827
515,1/16/2019,2535.5,2472,2518,2472,4005097,1917.698242
516,1/17/2019,2528,2478.5,2482.5,2512.5,3339978,1949.116699
517,1/18/2019,2551.5,2502,2529,2541.5,5863303,1971.613892
518,1/21/2019,2590.5,2548.5,2560,2565,2900902,1989.84436
519,1/22/2019,2614,2528,2569,2529.5,3650608,1962.304932
520,1/23/2019,2512,2459,2510.5,2482,4685940,1925.455811
521,1/24/2019,2493,2423,2490.5,2425,4200692,1881.236816
522,1/25/2019,2435,2383,2426.5,2392,5509798,1855.636597
523,1/28/2019,2392,2336.5,2378,2375,5213890,1842.448486
524,1/29/2019,2520,2439.5,2450,2510,7188701,1947.177124
525,1/30/2019,2647,2527.5,2540,2632,6676530,2041.820923
526,1/31/2019,2700.5,2606.5,2656.5,2687,6741315,2084.488037
527,2/1/2019,2736.5,2686.5,2691.5,2710,6797986,2102.330811
528,2/4/2019,2716.5,2664,2715,2680.5,3060418,2079.445557
529,2/5/2019,2783,2691,2692.5,2780.5,4905214,2157.022461
530,2/6/2019,2793.5,2733,2783,2733.5,3753035,2120.561523
531,2/7/2019,2797,2713,2721,2737,5168437,2123.275879
532,2/8/2019,2748.5,2685,2745,2689,3403845,2086.039795
533,2/11/2019,2777,2712.5,2718.5,2751,4644696,2134.136963
534,2/12/2019,2778.5,2704.5,2766.5,2748,3760232,2131.810059
535,2/13/2019,2841.5,2757.5,2775.5,2813,5097027,2182.234619
536,2/14/2019,2861.5,2815.5,2826.5,2823.5,4390281,2190.380371
537,2/15/2019,2873,2831.5,2838.5,2859,4194157,2217.919678
538,2/18/2019,2856,2816.5,2851,2818,2777410,2186.114014
539,2/19/2019,2830.5,2791,2830.5,2809,2503819,2179.131836
540,2/20/2019,2855,2802,2810,2850.5,2419896,2211.326416
541,2/21/2019,2876.5,2792.5,2849.5,2840.5,2918197,2203.568604
542,2/22/2019,2883,2815,2837.5,2871.5,2942018,2227.617676
543,2/25/2019,2917,2868,2896,2893.5,3245774,2244.684082
544,2/26/2019,2863,2800,2863,2834.5,6240662,2198.914307
545,2/27/2019,2831,2782,2825.5,2795,4329318,2168.270996
546,2/28/2019,2776,2700,2704.5,2758.5,4652383,2139.954834
547,3/1/2019,2864.5,2775,2787.5,2863,4665511,2221.023193
548,3/4/2019,2913.5,2808.5,2834,2871.5,3944283,2227.617676
549,3/5/2019,2924,2836.5,2854.5,2900.5,2963920,2250.114502
550,3/6/2019,3068.5,2986.5,2990,3050,11193471,2366.091553
551,3/7/2019,3129.5,3037,3083,3077,6203998,2387.037598
552,3/8/2019,3099,3021,3055,3078.5,5638770,2388.200928
553,3/11/2019,3110.5,3038,3077,3060,2913392,2373.849854
554,3/12/2019,3106.5,3041.5,3073,3086,5414544,2394.02002
555,3/13/2019,3078.5,2976,3055,2980,5272171,2311.787842
556,3/14/2019,3035.5,2942.5,2980,2998.5,6788395,2326.139404
557,3/15/2019,3083,2997.5,2997.5,3079.5,14663481,2388.976807
558,3/18/2019,3160,3083.5,3098.5,3160,3518138,2451.42627
559,3/19/2019,3205,3144.5,3146,3197.5,3562234,2480.517822
560,3/20/2019,3221.5,3131,3165.5,3184.5,4474168,2470.432617
561,3/21/2019,3191,3124.5,3153,3180,3169398,2506.892822
562,3/22/2019,3165,3086.5,3165,3086.5,3529209,2433.183594
563,3/25/2019,3073.5,3019,3050.5,3073.5,4055041,2422.935791
564,3/26/2019,3105,3057,3073.5,3083.5,2798451,2430.818848
565,3/27/2019,3098.5,3054,3098.5,3090,3831897,2435.942871
566,3/28/2019,3163,3125.5,3130,3152,4008596,2484.819824
567,3/29/2019,3203.5,3156,3170.5,3194,6243546,2517.929443
568,4/1/2019,3222,3107,3222,3135,4230344,2471.417969
569,4/2/2019,3214.5,3139,3150,3178.5,5975976,2505.709961
570,4/3/2019,3153.5,3085,3150.5,3119,5740271,2458.804688
571,4/4/2019,3130.5,3069,3080.5,3127,5475177,2465.111084
572,4/5/2019,3136,3094,3128.5,3120,8868227,2459.592773
573,4/8/2019,3125.5,3097,3117,3111.5,2334142,2452.89209
574,4/9/2019,3120,3086.5,3094,3110,3077241,2451.709717
575,4/10/2019,3113.5,3086.5,3099,3099,2814496,2443.03833
576,4/11/2019,3106.5,3058.5,3106.5,3085.5,4468893,2432.395996
577,4/12/2019,3089,3006,3007.5,3089,3114666,2435.154541
578,4/15/2019,3134.5,3098.5,3103.5,3123.5,2353428,2462.352295
579,4/16/2019,3145,3112.5,3143,3127,2568668,2465.111084
580,4/17/2019,3134,3100,3117.5,3100,2687219,2443.826172
581,4/18/2019,3143,2991,3100,3057,3654883,2409.928223
582,4/23/2019,3097.5,3028.5,3084,3088.5,3669892,2434.760254
583,4/24/2019,3097.5,3020.5,3087,3044,4715428,2399.679932
584,4/25/2019,3050.5,2921,3047,2982,4577920,2350.802979
585,4/26/2019,2995.5,2884,2909,2992,8058393,2358.686768
586,4/29/2019,3022.5,2982.5,2989.5,3011,2493513,2373.664795
587,4/30/2019,3032,2966,3010.5,2990,5390014,2357.110107
588,5/1/2019,3062.5,2915.5,3049.5,2927.5,4917665,2307.839355
589,5/2/2019,2914.5,2870.5,2914,2880,3490356,2270.393799
590,5/3/2019,2911,2868.5,2875,2897.5,2625990,2284.188965
591,5/7/2019,2927.5,2851.5,2865,2873.5,5771208,2265.269287
592,5/8/2019,2910,2794,2872,2845,7851545,2242.801758
593,5/9/2019,2904,2815.5,2828,2885.5,3462046,2274.729248
594,5/10/2019,2920,2835.5,2909.5,2839,5614305,2238.071777
595,5/13/2019,2878,2834,2856,2865,2906780,2258.568848
596,5/14/2019,2910.5,2859.5,2884.5,2874,8133451,2265.66333
597,5/15/2019,2908,2854.5,2878,2905,2729727,2290.102051
598,5/16/2019,2927.5,2875,2905.5,2927,3382700,2307.444824
599,5/17/2019,2960.5,2896,2908.5,2957.5,3707961,2331.489014
600,5/20/2019,2972,2915.5,2959.5,2972,2209122,2342.919678
601,5/21/2019,3016.5,2934,2973.5,2981.5,4392106,2350.408691
602,5/22/2019,3026,2972,2999.5,2983,3177820,2351.592041
603,5/23/2019,2989.5,2925,2977,2951.5,2290003,2326.759033
604,5/24/2019,3019,2944,2965.5,2984.5,2526342,2352.77417
605,5/28/2019,2997.5,2848.5,2988.5,2886.5,7762282,2275.517578
606,5/29/2019,2836.5,2714,2821.5,2810,7219719,2215.210205
607,5/30/2019,2843,2814.5,2839,2829.5,6873453,2230.582764
608,5/31/2019,2810,2752.5,2806,2760,3819983,2175.793945
609,6/3/2019,2796.5,2701,2740,2767,3246696,2181.312256
610,6/4/2019,2845,2765.5,2768.5,2838,2989226,2237.283936
611,6/5/2019,2863.5,2794,2839.5,2828.5,2450788,2229.794189
612,6/6/2019,2929.5,2828.5,2828.5,2915.5,4368816,2298.379395
613,6/7/2019,3029.5,2925,2925.5,3014,4970790,2376.029541
614,6/10/2019,3076,3006.5,3023.5,3020,2952667,2380.759766
615,6/11/2019,3071,3017,3029.5,3071,4338757,2420.964844
616,6/12/2019,3053.5,2882,3039,2936,9682387,2314.539795
617,6/13/2019,2939.5,2898.5,2928.5,2917.5,3824695,2299.956299
618,6/14/2019,2917,2866,2906.5,2885.5,3809637,2274.729248
619,6/17/2019,2865,2825,2850,2840,4578648,2238.860352
620,6/18/2019,2888,2836,2840,2859.5,3899765,2254.232666
621,6/19/2019,2850,2776,2831,2800,4344703,2207.326904
622,6/20/2019,2821,2791,2816,2800,2893334,2207.326904
623,6/21/2019,2831.5,2747.5,2799.5,2797,12812212,2204.962158
624,6/24/2019,2794,2744.5,2780,2782,5192448,2193.136719
625,6/25/2019,2819,2733,2750,2811,2149117,2215.999023
626,6/26/2019,2814.5,2781,2805,2809,4933963,2214.422363
627,6/27/2019,2783.5,2734,2782.5,2750,2524542,2207.798828
628,6/28/2019,2777.5,2742.5,2763,2749,3691535,2206.995605
629,7/1/2019,2870.5,2754.5,2761,2861.5,4094953,2297.314697
630,7/2/2019,2908.5,2806.5,2820,2900.5,4540948,2328.625488
631,7/3/2019,2991,2920,2920,2973,3948413,2386.831055
632,7/4/2019,3029,2967,2983.5,2967,2241026,2382.01416
633,7/5/2019,3031,2965,2986.5,2984,3097090,2395.662598
634,7/8/2019,3051.5,2985,2986.5,3030,3300626,2432.592529
635,7/9/2019,3029.5,2964,3028,2964.5,2660524,2380.00708
636,7/10/2019,2978,2932.5,2945.5,2947.5,3527086,2366.358643
637,7/11/2019,2940.5,2873.5,2930.5,2900,3610013,2328.223877
638,7/12/2019,2930,2892,2901.5,2905.5,2159928,2332.639404
639,7/15/2019,2942.5,2874.5,2904.5,2925.5,2656427,2348.696533
640,7/16/2019,2975,2930,2937.5,2951.5,3443062,2369.570068
641,7/17/2019,2981.5,2921.5,2959,2925,2912688,2348.295166
642,7/18/2019,3121,2928,2932.5,3104.5,5092225,2492.403564
643,7/19/2019,3161.5,3071,3147,3093,3527881,2483.171387
644,7/22/2019,3081,3039.5,3069,3064.5,2901031,2460.290527
645,7/23/2019,3112,3048,3079.5,3064,3962094,2459.888916
646,7/24/2019,3037.5,2978.5,3037,3020.5,3222133,2424.965576
647,7/25/2019,3057.5,3006.5,3030,3020,4808833,2424.564453
648,7/26/2019,3047,3000,3025.5,3019,2744631,2423.761475
649,7/29/2019,3125,3011,3011,3106,4094353,2493.608643
650,7/30/2019,3101,2965.374023,3087.5,2978,4950706,2390.844971
651,7/31/2019,2987.5,2942,2981.5,2952,5068545,2369.971436
652,8/1/2019,3165,2952,3018.5,3155.5,4847893,2533.348877
653,8/2/2019,3171.5,3086,3117,3110.5,3328877,2497.220947
654,8/5/2019,3088.779053,2974,3080,2980,4283239,2392.450684
655,8/6/2019,3008,2929.5,3000,2980,3855644,2392.450684
656,8/7/2019,3019,2962.5,2973,3006,2712984,2413.324463
657,8/8/2019,3086.5,2982,3052,3071,6104181,2465.509033
658,8/9/2019,3089,3039.5,3086,3057,2232024,2454.269287
659,8/12/2019,3078.5,3023,3057,3053.5,1981952,2451.459473
660,8/13/2019,3053.5,3003,3029.5,3033,2688342,2435.001221
661,8/14/2019,3057.5,2984,3048,3008.5,2589339,2415.331787
662,8/15/2019,3090.550049,3022.5,3030.5,3049.5,3209735,2448.247559
663,8/16/2019,3065,3006.5,3065,3029,3284529,2431.789795
664,8/19/2019,3053,3015,3050,3036.5,3022789,2437.811035
665,8/20/2019,3061.5,2961.5,3038.5,2980,3042325,2392.450684
666,8/21/2019,3049.5,2986.5,2986.5,3024.5,2332140,2428.177002
667,8/22/2019,3027,2955.5,3024.5,2978.5,3929400,2391.246582
668,8/23/2019,3010,2961,3002.5,2961,1490555,2377.19751
669,8/27/2019,2976,2827.5,2950,2832,6896358,2273.631104
670,8/28/2019,2840.5,2768.5,2773,2830,5850561,2272.025391
671,8/29/2019,2887.5,2842,2845.5,2872,5813454,2305.744629
672,8/30/2019,2903,2842,2871,2880,3277008,2312.16748
673,9/2/2019,2953.5,2887.5,2887.5,2901.5,1844419,2329.428223
674,9/3/2019,2923.5,2883.5,2890,2912.5,2393309,2338.259766
675,9/4/2019,2955.5,2885,2948.5,2904.5,1923086,2331.83667
676,9/5/2019,2940,2882.5,2928,2910,2131200,2336.252441
677,9/6/2019,2935.5,2882,2899.5,2932,2165028,2353.915283
678,9/9/2019,2971,2874.5,2945.5,2895.5,3356594,2324.611328
679,9/10/2019,2968.5,2848,2890,2964,4854195,2379.605713
680,9/11/2019,3050,2968,2980.5,3043,6211407,2443.029541
681,9/12/2019,3152,3054,3065,3073,4735562,2467.114502
682,9/13/2019,3076,2951,3072.5,2996.820068,3155244,2405.95459
683,9/16/2019,2957,2904,2936,2904,4104993,2331.435303
684,9/17/2019,2966.5,2888,2900.5,2950,3687084,2368.365723
685,9/18/2019,2996,2932.668945,2939.5,2961,4015023,2377.19751
686,9/19/2019,2974.5,2932,2944.5,2961.5,2656256,2377.598389
687,9/20/2019,2934,2890,2919,2917.5,7977975,2342.27417
688,9/23/2019,2942.121094,2852.5,2923.5,2884,8628670,2315.378662
689,9/24/2019,2906,2821.5,2883,2832,3140447,2273.631104
690,9/25/2019,2933.5,2812.5,2830,2924.5,4378907,2347.893555
691,9/26/2019,2949.5,2785.5,2844,2934.5,4798343,2355.921387
692,9/27/2019,3007,2915,2937.5,2945,4243794,2364.351807
693,9/30/2019,3019,2933,2943.5,3007.5,3550961,2414.528809
694,10/1/2019,3028.5,2983.5,3010,2986.5,4440511,2397.669678
695,10/2/2019,2999.5,2897,2989.5,2897,4125140,2325.81543
696,10/3/2019,2871.5,2776,2844.5,2789,5523343,2279.033447
697,10/4/2019,2804.5,2748.5,2802.5,2801.5,8694125,2289.248047
698,10/7/2019,2831,2771.5,2793.5,2824,6597371,2307.633789
699,10/8/2019,2837,2799.888916,2832,2807,2723198,2293.742188
700,10/9/2019,2836,2782,2812,2819,3392050,2303.547852
701,10/10/2019,2839,2788.5,2825.5,2810,4261131,2296.193848
702,10/11/2019,2795,2656.5,2794.5,2710,6564304,2214.478516
703,10/14/2019,2795,2657.5,2720,2717,2744507,2220.19873
704,10/15/2019,2745.5,2688.5,2736,2697,3457490,2203.855957
705,10/16/2019,2723.5,2658.5,2696,2693.5,12514885,2200.995605
706,10/17/2019,2719,2663,2705.5,2682,2804587,2191.598389
707,10/18/2019,2692,2648,2686.5,2663.5,3728025,2176.480957
708,10/21/2019,2668,2635,2657.5,2648,2989409,2163.815674
709,10/22/2019,2684.5,2632,2659.5,2668,2102982,2180.158447
710,10/23/2019,2729,2687.5,2688,2716.5,3006722,2219.790527
711,10/24/2019,2779,2716,2716,2760.5,3358727,2255.745117
712,10/25/2019,2759,2690,2753,2709,2589451,2213.661377
713,10/28/2019,2756.689941,2683.899902,2706.5,2714,3848758,2217.746826
714,10/29/2019,2724.5,2675.5,2708.5,2716,4162359,2219.381592
715,10/30/2019,2754.219971,2696.438965,2712,2746.5,3086549,2244.304688
716,10/31/2019,2758.5,2697.798096,2752,2702,3793248,2207.941406
717,11/1/2019,2747,2702,2702,2741.5,4543261,2240.21875
718,11/4/2019,2799,2706,2732.5,2787,2865718,2277.39917
719,11/5/2019,2854,2774,2799,2791,4181015,2280.668457
720,11/6/2019,2854,2787.5,2796.5,2842,5626797,2322.342529
721,11/7/2019,2936.672119,2839,2846.5,2865,4489082,2341.136719
722,11/8/2019,2931.5,2865.5,2865.5,2885.5,3028829,2357.888672
723,11/11/2019,2913.5,2846.5,2879,2910.5,3147325,2378.317383
724,11/12/2019,2938.5,2883,2909,2927.5,4319459,2392.209229
725,11/13/2019,2944.5,2900.5,2921,2905,4808535,2373.823242
726,11/14/2019,2919.5,2864,2900,2900,3831405,2369.737061
727,11/15/2019,2915,2819,2915,2852,4708087,2330.51416
728,11/18/2019,2890,2820.5,2849,2878,2856539,2351.759766
729,11/19/2019,2935.5,2877,2888,2889.5,2479699,2361.157471
730,11/20/2019,2883,2832.5,2878,2861,2850775,2337.868408
731,11/21/2019,3057,2934.5,2967,2971.5,6663384,2428.163574
732,11/22/2019,3003,2964,2971.5,2981,3896703,2435.92627
733,11/25/2019,3019.5,2971,2981.5,3009.5,3025290,2459.215576
734,11/26/2019,3030.5,2980,3030.5,2986,5801309,2440.012207
735,11/27/2019,3088.5,2940,2940,3080,4799789,2516.824707
736,11/28/2019,3096.5,3029,3055.5,3072.5,2156280,2510.695801
737,11/29/2019,3087.665039,3035,3055.5,3060,3065392,2500.481445
738,12/2/2019,3139,116.5,3072.5,3050,3408746,2492.309814
739,12/3/2019,3064.533936,2965,3064.5,2985,5041605,2439.195068
740,12/4/2019,2975,2917.5,2960.5,2975,3155274,2431.023682
741,12/5/2019,2982.5,2941,2960,2955.5,3086570,2415.089355
742,12/6/2019,3004.5,2955.5,2967,2998,5632404,2449.817871
743,12/9/2019,3017,2983,2990.5,3000,2375665,2451.452393
744,12/10/2019,3009.5,2936,3000,2994,3418549,2446.549072
745,12/11/2019,3020.5,2967.5,2992.5,2996.5,12366125,2448.592529
746,12/12/2019,3023.23999,2959.5,2984.5,3000,2623556,2451.452393
747,12/13/2019,3069.5,2902.5,2948.5,3039,4364526,2483.321533
748,12/16/2019,3200.5,3053,3064.5,3172,6280798,2592.002197
749,12/17/2019,3212.300049,3159,3191,3199.5,4352421,2614.473633
750,12/18/2019,3255.5,3193,3193,3239,3206269,2646.751465
751,12/19/2019,3266.5,3230,3245,3255.5,12016152,2660.234375
752,12/20/2019,3294.5,3237.5,3254,3288,10080727,2686.791748
753,12/23/2019,3293,3255.5,3283,3284,3032939,2683.523438
754,12/24/2019,3276.5,3223.25,3231.5,3271.5,535965,2715.269775
755,12/27/2019,3268.5,3202.610107,3232,3266,1820659,2710.705322
756,12/30/2019,3290.672119,3247,3273.5,3256.5,1726621,2702.820313
757,12/31/2019,3262.5,3217.350098,3226,3231.5,1068345,2682.071045
758,1/2/2020,3280.5,3209,3220,3265,2320801,2709.875
759,1/3/2020,3363.5,3252.456055,3258,3352,5176894,2782.083008
760,1/6/2020,3350,3319.5,3334,3350,4227582,2780.423096
761,1/7/2020,3422.708008,3347,3360,3406,2965723,2826.901855
762,1/8/2020,3502,3400.5,3415,3469.5,4513672,2879.60498
763,1/9/2020,3490,3459,3479.5,3459,4757072,2870.890381
764,1/10/2020,3500.5,3465,3488.5,3482,2611946,2889.979736
765,1/13/2020,3500.5,3465,3492,3495,3094591,2900.769775
766,1/14/2020,3505.5,3456,3495.5,3483,3998616,2890.80957
767,1/15/2020,3507,3456.5,3466,3507,3515782,2910.729492
768,1/16/2020,3504.179932,3446.5,3488.5,3463,3774837,2874.210449
769,1/17/2020,3481.5,3444.5,3468.5,3466.5,4796094,2877.114746
770,1/20/2020,3465.5,3406,3460,3421.5,6309877,2839.766357
771,1/21/2020,3414,3355,3405.5,3413,3880522,2832.711426
772,1/22/2020,3436.5,3367.5,3423.5,3388,8701900,2811.961914
773,1/23/2020,3435,3378,3414.5,3395,3337941,2817.771973
774,1/24/2020,3425.5,3394,3409,3412.5,2955332,2832.296875
775,1/27/2020,3390,3327,3387.5,3362.5,2841657,2790.797852
776,1/28/2020,3390,3353,3369,3375,5430189,2801.172363
777,1/29/2020,3398,3361.5,3368.5,3391.5,5822315,2814.866943
778,1/30/2020,3408.5,3331,3350.5,3349.5,2730225,2780.008057
779,1/31/2020,3368,3334,3347.5,3357.5,4291250,2786.647949
780,2/3/2020,3408,3337.5,3364,3391,2423187,2814.452148
781,2/4/2020,3447.5,3388.5,3412.5,3445,3832801,2859.270752
782,2/5/2020,3448,3386.5,3417.5,3448,3391709,2861.760498
783,2/6/2020,3496.5,3422.5,3444.5,3481.5,7316817,2889.565186
784,2/7/2020,3492.5,3407,3463.5,3444,2511790,2858.44043
785,2/10/2020,3450,3413.5,3447.5,3450,2519993,2863.420654
786,2/11/2020,3478,3447,3458.5,3459,2625024,2870.890381
787,2/12/2020,3492.5,3399.5,3479.5,3406,2720626,2826.901855
788,2/13/2020,3470,3341,3397.5,3381.5,4662645,2806.566895
789,2/14/2020,3392,3340.5,3373,3347,3391546,2777.933105
790,2/17/2020,3360,3324,3356.5,3331.5,1849248,2765.068359
791,2/18/2020,3354,3307,3316.5,3308,1915077,2745.563721
792,2/19/2020,3358,3304.5,3319.5,3352,1886614,2782.083008
793,2/20/2020,3371.5,3318,3365,3343.5,3367732,2775.02832
794,2/21/2020,3358,3303.5,3329.5,3352.5,3508947,2782.498047
795,2/24/2020,3380.199951,3228.5,3324.5,3236.5,3884621,2686.220703
796,2/25/2020,3264,3195.5,3243,3195.5,3465725,2652.19165
797,2/26/2020,3220.5,3111,3170,3219.5,3810308,2672.111328
798,2/27/2020,3307.5,3135.5,3245,3162.5,5501416,2624.802246
799,2/28/2020,3162.5,3000,3094,3062.5,9159533,2541.804199
800,3/2/2020,3139.5,2964,3135,3000.5,7800120,2490.346191
801,3/3/2020,3149.5,3043,3081,3099.5,8266860,2572.513916
802,3/4/2020,3204,3091.5,3118.5,3204,4710996,2659.246338
803,3/5/2020,3267.5,3190,3265.5,3244.5,5668964,2692.860596
804,3/6/2020,3227.022949,3092,3214,3106,8317360,2577.908447
805,3/9/2020,3106.89502,2891.5,2937,2978.5,5896105,2472.086426
806,3/10/2020,3055.350098,2889,3030.5,2889,6819796,2397.803711
807,3/11/2020,2956.5,2870.5,2932,2883,5833866,2392.82373
808,3/12/2020,2810,2585,2780.5,2585,6565970,2145.490479
809,3/13/2020,2827,2623.5,2762,2678.5,9467149,2223.093262
810,3/16/2020,2643,2419.409912,2582.5,2627.5,8629233,2180.764893
811,3/17/2020,2745,2541.5,2700,2719.5,8978775,2257.122559
812,3/18/2020,2802,2589,2648,2700,10014610,2240.938232
813,3/19/2020,2872.5,2542.5,2757.5,2630.5,8584187,2183.254395
814,3/20/2020,2776,2530,2769,2540.5,10267114,2108.556885
815,3/23/2020,2536,2362.5,2479,2382,9386821,1977.005249
816,3/24/2020,2566.52002,2400.5,2446,2563,8643355,2127.231445
817,3/25/2020,2671,2448,2603,2577.5,6724604,2139.265625
818,3/26/2020,2733.5,2480.5,2503,2733.5,8447871,2316.006104
819,3/27/2020,2724.487061,2557,2688,2588,7341288,2192.728027
820,3/30/2020,2724.48999,2509,2628,2635,4766611,2232.550293
821,3/31/2020,2759,2512.209961,2667,2759,5996921,2337.611572
822,4/1/2020,2903.966064,2646,2657.5,2856.5,7287600,2420.219482
823,4/2/2020,3006.995117,2857.5,2880,2946,6483083,2496.050049
824,4/3/2020,2976.5,2904.5,2959.5,2940,3262318,2490.966797
825,4/6/2020,3027.659912,2912,2984,2962,3086585,2509.606201
826,4/7/2020,3052,2905.5,3019,2941.5,6298787,2492.237061
827,4/8/2020,3006,2871.5,2975,2930.5,9650346,2482.917725
828,4/9/2020,3020.5,2875.5,2935.5,3020.5,9776772,2559.171631
829,4/14/2020,3000,2832.5,2989,2918.5,7554477,2472.750244
830,4/15/2020,2998.5,2900.5,2933.5,2922,5194853,2475.71582
831,4/16/2020,2982.5,2882.5,2919,2958,4314586,2506.217529
832,4/17/2020,3034.5,2926,3030.5,2943.5,5892357,2493.932129
833,4/20/2020,3031.5,2906,2995.5,2974.5,2437124,2520.197021
834,4/21/2020,2977.5,2871,2946,2871,6640707,2432.504883
835,4/22/2020,2937,2885,2889,2893,2142826,2451.14502
836,4/23/2020,2943.5,2855.5,2899,2940,3303488,2490.966797
837,4/24/2020,2962,2896.5,2930,2955,2929806,2503.675537
838,4/27/2020,3010,2950.5,2965.5,2972.5,2718245,2518.502441
839,4/28/2020,3152.5,2961.5,2980,3129.5,3497488,2651.523682
840,4/29/2020,3167.5,2972.64502,3141.5,3147.5,3087994,2666.77417
841,4/30/2020,3183.080078,3066.5,3178,3080.5,6166436,2610.007568
842,5/1/2020,3013.5,2914,2962.5,2945.5,2190550,2495.626709
843,5/4/2020,2989,2915,2941.5,2943,3179984,2493.508545
844,5/5/2020,3007.5,2956,2977,3007.5,3909501,2548.157227
845,5/6/2020,3038.5,2960.689941,3025,2971,4522441,2517.231934
846,5/7/2020,3017.5,2956,2973.5,2977,4360198,2522.31543
847,5/11/2020,3056.5,3008,3037.5,3051,3115191,2585.013184
848,5/12/2020,3165.5,3028.199951,3038,3152,2927579,2670.587158
849,5/13/2020,3202.5,3055,3111.5,3058,4233763,2590.944092
850,5/14/2020,3058.5,2971.5,3030.5,2989.5,3041413,2532.906494
851,5/15/2020,3103,2986,3003,3049.5,2720093,2583.742432
852,5/18/2020,3105.5,3042.5,3080,3097,4208918,2623.987305
853,5/19/2020,3135,3027.5,3113.5,3046,3348789,2580.776855
854,5/20/2020,3090.5,3010.968994,3041,3090,2422617,2618.056641
855,5/21/2020,3159.5,3084,3088.5,3121,2503555,2644.322266
856,5/22/2020,3148,3059,3082.5,3142.5,2310484,2662.53833
857,5/26/2020,3200,3132.5,3200,3187.5,3495428,2700.665527
858,5/27/2020,3275,3200,3213,3275,3514865,2774.801025
859,5/28/2020,3308.5,3211,3273.5,3273.5,2580864,2773.530029
860,5/29/2020,3274.5,3106,3247.5,3189.5,5112121,2702.360107
861,6/1/2020,3238,3199,3222.5,3224,2102344,2731.590576
862,6/2/2020,3257,3198.5,3231,3202,2865046,2712.950928
863,6/3/2020,3270.5,3187.5,3230,3241.5,3934328,2746.41748
864,6/4/2020,3245.5,3186.5,3213.5,3200,3532583,2711.256104
865,6/5/2020,3245,3181,3230.5,3182.5,4674527,2696.428955
866,6/8/2020,3175,3113.5,3159.5,3122.5,4893956,2645.592773
867,6/9/2020,3065,2973.5,3039.5,3026,4640384,2563.831787
868,6/10/2020,3124,2993.384033,3009,3124,3378944,2646.86377
869,6/11/2020,3111.5,3000.5,3085.5,3000.5,3635268,2542.226563
870,6/12/2020,3037.5,2958,2976,3000,4447089,2541.802734
871,6/15/2020,3059,2917.5,2940,2989.5,2551380,2532.906494
872,6/16/2020,3131,3048.5,3086.5,3130.5,3682328,2652.37085
873,6/17/2020,3158,3121,3139.5,3134.5,3512577,2655.76001
874,6/18/2020,3152.5,3095,3117.5,3135.5,2203558,2656.607178
875,6/19/2020,3177,3131,3152,3170.5,7159265,2686.261719
876,6/22/2020,3200.5,3136.5,3143.5,3147,4119581,2666.35083
877,6/23/2020,3206,3123,3138.5,3166.5,2575911,2682.872803
878,6/24/2020,3165.5,3054.5,3150,3055,3247139,2588.4021
879,6/25/2020,3093,3004.5,3050.5,3077.5,2336410,2607.465576
880,6/26/2020,3160,3098,3108,3109.5,3179167,2634.577881
881,6/29/2020,3153.5,3059.23999,3100,3140.5,2610145,2660.843506
882,6/30/2020,3158,3097,3130.5,3104.5,2875269,2630.342041
883,7/1/2020,3137,3061.5,3107,3122.5,2479303,2645.592773
884,7/2/2020,3149,3100,3147,3127,1621746,2649.405518
885,7/3/2020,3175,3055.5,3170,3060.5,1519093,2593.062256
886,7/6/2020,3143.5,3079.5,3091.5,3131.5,2011219,2653.218262
887,7/7/2020,3117.5,3042.5,3117.5,3065,3459718,2596.875244
888,7/8/2020,3127.5,3037,3093,3048.5,2438972,2582.895264
889,7/9/2020,3009.5,2907,2998,2920,3684413,2517.458496
890,7/10/2020,2914.5,2860,2887.5,2878,4848062,2481.248291
891,7/13/2020,2933,2882,2919.5,2900,5402852,2500.215332
892,7/14/2020,2914.125,2872.5,2885,2902.5,5811519,2502.37085
893,7/15/2020,2922.5,2870.5,2920.5,2870.5,4114363,2474.782471
894,7/16/2020,2868.5,2796.5,2841,2796.5,5582837,2410.983643
895,7/17/2020,2836.5,2785,2810.5,2785,5819539,2401.069336
896,7/20/2020,2754,2686.5,2743,2705.5,4139230,2332.528809
897,7/21/2020,2741.5,2699.820068,2722.5,2714.5,4934085,2340.287598
898,7/22/2020,2722,2667,2722,2687.5,4499676,2317.010254
899,7/23/2020,2741,2701,2713.5,2715,3526299,2340.718994
900,7/24/2020,2714.5,2665,2696.5,2692,2459748,2320.890137
901,7/27/2020,2695,2665,2685,2680,5189671,2310.544189
902,7/28/2020,2744.5,2670,2673,2730,5120081,2353.651367
903,7/29/2020,2753.5,2689.5,2736.5,2703.5,3570749,2330.804688
904,7/30/2020,2716.5,2637,2695,2656.5,3412154,2290.283936
905,7/31/2020,2733.5,2524.5,2692.5,2524.5,6398720,2176.480713
906,8/3/2020,2551,2503.725098,2533.5,2523.5,6346984,2175.618408
907,8/4/2020,2584.5,2525.5,2544.5,2550,5040668,2198.465576
908,8/5/2020,2580,2541,2568.5,2548.5,4159419,2197.171875
909,8/6/2020,2555,2514.5,2550,2515,3086791,2168.290283
910,8/7/2020,2533.5,2483.5,2517,2491.5,3250716,2148.030029
911,8/10/2020,2546.5,2503,2517,2543.5,3844637,2192.861328
912,8/11/2020,2610.5,2555,2557.5,2595,3727074,2237.261963
913,8/12/2020,2652,2598.5,2610,2630.5,7019218,2267.86792
914,8/13/2020,2644,2584.5,2623,2584.5,3629777,2228.209229
915,8/14/2020,2601.5,2517,2567.5,2526,4885453,2177.773926
916,8/17/2020,2578.5,2520.5,2524.5,2574,3300030,2219.156982
917,8/18/2020,2565.5,2540.5,2561,2550,2331750,2198.465576
918,8/19/2020,2571.5,2538,2550,2565.5,2618255,2211.828857
919,8/20/2020,2555.5,2527.5,2548,2527.5,2668885,2179.067383
920,8/21/2020,2542.5,2507.456055,2526,2526,7103485,2177.773926
921,8/24/2020,2629,2507.459961,2564.5,2620,3163872,2258.81543
922,8/25/2020,2657,2557.179932,2632.5,2570,4714299,2215.708496
923,8/26/2020,2579,2536.5,2562.5,2538.5,2557342,2188.551025
924,8/27/2020,2589,2530,2548.5,2550.5,2686776,2198.89624
925,8/28/2020,2587,2523.5,2559.5,2532.5,4247169,2183.37793
926,9/1/2020,2536.5,2500,2525.5,2515,4592183,2168.290283
927,9/2/2020,2575.5,2523.5,2525.5,2575.5,3520634,2220.449951
928,9/3/2020,2603,2550.5,2576,2557,2783136,2204.500488
929,9/4/2020,2586.5,2520.5,2523,2554.5,3110732,2202.344971
930,9/7/2020,2594.5,2552,2560.5,2578,5098377,2222.605469
931,9/8/2020,2608.5,2549.5,2588,2575,3220071,2220.019043
932,9/9/2020,2686,2579,2579,2668.5,3246771,2300.629395
933,9/10/2020,2664.5,2608.5,2663,2620.5,3189844,2259.246338
934,9/11/2020,2661.5,2627,2628.5,2647.5,1820041,2282.52417
935,9/14/2020,2677.5,2637.5,2661.5,2642,1626304,2277.782471
936,9/15/2020,2720.5,2650.5,2657.5,2704,2292053,2331.235352
937,9/16/2020,2713,2664.5,2696.5,2683.5,2359589,2313.561768
938,9/17/2020,2712,2656.5,2670.5,2700,2498297,2327.787109
939,9/18/2020,2703.5,2666,2692,2668,7271056,2300.198486
940,9/21/2020,2650,2601.5,2645,2625,7430472,2263.126221
941,9/22/2020,2740.5,2651.5,2658.5,2733,5217764,2356.237793
942,9/23/2020,2811.5,2736.5,2755.5,2802,4335804,2415.725586
943,9/24/2020,2831.125,2757,2765,2815,4670592,2426.933594
944,9/25/2020,2834,2801,2830,2820,3851066,2431.244141
945,9/28/2020,2855,2810.5,2830,2849,3963584,2456.246094
946,9/29/2020,2848,2782,2848,2782,5820902,2398.482666
947,9/30/2020,2803.800049,2701,2760.5,2777.5,5071375,2394.603271
948,10/1/2020,2754.5,2707,2753,2736.5,4971656,2404.796875
949,10/2/2020,2752.5,2687.5,2722.5,2752.5,2097599,2418.857422
950,10/5/2020,2813,2757,2765,2794,5409863,2455.327393
951,10/6/2020,2809.5,2756,2802.5,2773.5,2571595,2437.311768
952,10/7/2020,2795,2731.5,2780.5,2740,3978320,2407.872803
953,10/8/2020,2772.5,2709,2742,2730,3749317,2399.084717
954,10/9/2020,2754.5,2709,2729.5,2710,7101911,2381.509033
955,10/12/2020,2727.5,2688,2698.5,2725,2045339,2394.690918
956,10/13/2020,2752.225098,2702,2726.5,2714,2786361,2385.02417
957,10/14/2020,2732.5,2654,2730,2666,5210420,2342.842529
958,10/15/2020,2678,2565.5,2643.5,2614,3495600,2297.145996
959,10/16/2020,2652,2614,2627,2644,7792437,2323.509277
960,10/19/2020,2656.13501,2601.199951,2641.5,2603,2320030,2287.47876
961,10/20/2020,2637.5,2601.5,2627.5,2617,2580277,2299.781982
962,10/21/2020,2621,2531.5,2610,2544,4003872,2235.630371
963,10/22/2020,2566.523926,2509,2540,2550.5,2789224,2241.343018
964,10/23/2020,2594,2545.745117,2549.5,2572,2035729,2260.237061
965,10/26/2020,2601.5,2545.73999,2553.5,2574.5,3550987,2262.43335
966,10/27/2020,2586.5,2509,2580,2513.5,3418014,2208.827881
967,10/28/2020,2495.178955,2425,2479,2452.5,5777460,2155.221924
968,10/29/2020,2478.5,2432.5,2447,2470,3781177,2170.600586
969,10/30/2020,2462,2425.5,2451,2448,3155262,2151.26709
970,11/2/2020,2467,2422.5,2450,2463,3438283,2164.448975
971,11/3/2020,2501.5,2467,2484,2488.5,3629716,2186.858154
972,11/4/2020,2598,2492.5,2500,2576.5,5389527,2264.191406
973,11/5/2020,2578,2500,2576,2500,4946703,2196.964111
974,11/6/2020,2523,2473.5,2523,2481.5,3154789,2180.706543
975,11/9/2020,2632.004883,2506.5,2509.5,2571,7205606,2259.35791
976,11/10/2020,2692,2575,2580,2692,4546149,2365.691406
977,11/11/2020,2782.5,2695,2703.5,2780,4917980,2443.02417
978,11/12/2020,2803.5,2727.5,2744.5,2803.5,6560613,2463.675781
979,11/13/2020,2805.5,2760,2776.5,2790,9533194,2451.812012
980,11/16/2020,2854,2776,2792,2842,4036274,2497.508789
981,11/17/2020,2859.5,2789.5,2839.5,2850,3543662,2504.539307
982,11/18/2020,2882.5,2804.709961,2830.5,2875,2468741,2526.508545
983,11/19/2020,2852,2780,2831,2780,4965834,2443.02417
984,11/20/2020,2805.5,2763,2783.5,2780,3814732,2443.02417
985,11/23/2020,2783,2708.5,2780.5,2710.5,2246951,2381.948486
986,11/24/2020,2736.5,2657.5,2725.5,2685.5,4407298,2359.97876
987,11/25/2020,2720.5,2651,2700,2665.5,4971831,2342.402832
988,11/26/2020,2696,2649.679932,2660,2673,2100044,2348.993652
989,11/27/2020,2677,2627.183105,2655.5,2677,12643929,2352.509277
990,11/30/2020,2677,2635.5,2650.5,2639.5,7261048,2319.554688
991,12/1/2020,2685.5,2639,2663,2660.5,3213414,2338.009521
992,12/2/2020,2696,2647,2658,2690,3237731,2363.93335
993,12/3/2020,2728,2685.5,2707,2714.5,6128846,2385.463379
994,12/4/2020,2752.256104,2707.5,2720,2721,2836092,2391.175781
995,12/7/2020,2852.5,2737,2743.5,2849,4397302,2503.660156
996,12/8/2020,2905,2802.639893,2833,2902,4205729,2550.236084
997,12/9/2020,2924,2857.5,2902.5,2909,5593372,2556.387695
998,12/10/2020,2961.5,2920,2950,2924,7950885,2569.569092
999,12/11/2020,2949.5,2881.5,2929.5,2917,3641480,2563.41748
1000,12/14/2020,2926.452881,2876.5,2911.5,2885.5,3794056,2535.73584
1001,12/15/2020,2928.5,2835.5,2913.5,2838,11082929,2493.993652
1002,12/16/2020,2867,2827,2834,2860,5483434,2513.326904
1003,12/17/2020,2835,2781.5,2823.5,2795,3395354,2502.226074
1004,12/18/2020,2826,2783,2798.5,2785,7514074,2493.273438
1005,12/21/2020,2825.5,2693,2749,2709,4890370,2425.234131
1006,12/22/2020,2739,2701,2703.5,2723.5,3957371,2438.215332
1007,12/23/2020,2724,2688.5,2714.5,2714,3461935,2429.710449
1008,12/24/2020,2748,2692,2710.5,2730,1052391,2444.034424
1009,12/29/2020,2833,2761,2761,2800,2553543,2506.701904
1010,12/30/2020,2807,2745.5,2794.5,2773.5,2478777,2482.977783
1011,12/31/2020,2764.5,2698.5,2745,2708,1433401,2424.338867
1012,1/4/2021,2795.5,2742.5,2761.5,2753.5,4649428,2465.072998
1013,1/5/2021,2796,2752,2753,2788.5,3664140,2496.406738
1014,1/6/2021,2839.5,2726,2780,2813,6543154,2518.340088
1015,1/7/2021,2842.52002,2785.5,2838,2800,3929521,2506.701904
1016,1/8/2021,2826.5,2784,2801.5,2800,7852819,2506.701904
1017,1/11/2021,2804,2742,2798,2779.5,3102768,2488.349365
1018,1/12/2021,2776,2704.938965,2776,2729,3586047,2443.13916
1019,1/13/2021,2761,2714.5,2727.5,2754.5,3642499,2465.968262
1020,1/14/2021,2800,2745.5,2760,2780.5,3806540,2489.244873
1021,1/15/2021,2809.5,2755.5,2768.5,2770,3685530,2479.844482
1022,1/18/2021,2776.5,2750,2764.5,2750,2912672,2461.939453
1023,1/19/2021,2772.5,2731,2750,2740,2865954,2452.987061
1024,1/20/2021,2758,2719,2740.5,2747.5,2079201,2459.70166
1025,1/21/2021,2791,2740.5,2766.5,2748,3125452,2460.148926
1026,1/22/2021,2758.5,2724.5,2750,2738.5,4646781,2451.644287
1027,1/25/2021,2773,2723,2748,2740,2440726,2452.987061
1028,1/26/2021,2771.495117,2718,2735,2733.5,5409851,2447.168213
1029,1/27/2021,2796.554932,2720,2732.5,2783.5,5226642,2491.93042
1030,1/28/2021,2803.5,2732.5,2781.5,2738,3166640,2451.196533
1031,1/29/2021,2716.5,2657.5,2685,2657.5,4899285,2379.128906
1032,2/1/2021,2689,2640,2662.5,2645,3971098,2367.938477
1033,2/2/2021,2721,2647.5,2660.5,2693.5,2745980,2411.35791
1034,2/3/2021,2735.785889,2687.5,2714.5,2696,3089083,2413.595947
1035,2/4/2021,2713,2647.5,2707,2676.5,5871977,2396.138672
1036,2/5/2021,2692.5,2654,2676.5,2673,4116672,2393.004883
1037,2/8/2021,2707.5,2670,2678,2695.5,2358171,2413.148438
1038,2/9/2021,2748,2680.5,2694.5,2731,3612638,2444.929932
1039,2/10/2021,2736.5,2697.5,2736.5,2708,5538966,2424.338867
1040,2/11/2021,2725,2683.5,2709,2693.5,2602611,2411.35791
1041,2/12/2021,2715,2676.5,2706.5,2714.5,3634028,2430.157959
1042,2/15/2021,2807.5,2713,2736,2789.5,4141871,2497.302246
1043,2/16/2021,2795.5,2735,2794,2748.5,2095514,2460.596924
1044,2/17/2021,2663,2543.5,2630,2640,7566808,2363.461914
1045,2/18/2021,2645.5,2562,2635,2594.5,8239312,2322.728027
1046,2/19/2021,2607,2562,2599.5,2562,8638657,2293.63208
1047,2/22/2021,2583,2529,2550,2575.5,5564212,2305.718262
1048,2/23/2021,2615.5,2572,2576,2606,5245806,2333.023438
1049,2/24/2021,2605,2552,2592.5,2584.5,3791896,2313.775635
1050,2/25/2021,2590.5,2535.5,2587.5,2550,7512291,2282.889404
1051,2/26/2021,2580.016113,2478,2542,2485.5,10406905,2225.145752
1052,3/1/2021,2551.5,2495,2500,2546.5,5074721,2279.756104
1053,3/2/2021,2570,2531.5,2535,2536.5,5309386,2270.803467
1054,3/3/2021,2576.5,2525,2558.5,2555,3127646,2287.365723
1055,3/4/2021,2609.5,2539,2550,2589.5,6982071,2318.251709
1056,3/5/2021,2628,2534.5,2566,2614.5,4230297,2340.633301
1057,3/8/2021,2630,2562,2614.5,2607.5,4423692,2334.366211
1058,3/9/2021,2649.5,2599,2616.5,2602,2776260,2329.442383
1059,3/10/2021,2621,2573.5,2600,2620,3225535,2345.556885
1060,3/11/2021,2652.5,2606.5,2652.5,2630,5683813,2354.509521
1061,3/12/2021,2669.2229,2615.5,2615.5,2643.5,5317010,2366.595215
1062,3/15/2021,2696,2649.25,2654.5,2673.5,2778057,2393.452881
1063,3/16/2021,2703.5,2675,2693.5,2690,3412341,2408.224365
1064,3/17/2021,2750.5,2680.12793,2689,2750.5,3853615,2462.387207
1065,3/18/2021,2781.5,2733.954102,2749.5,2761.5,3015753,2472.234863
1066,3/19/2021,2801.5,2750,2768,2792.5,8040195,2499.987793
1067,3/22/2021,2831.414063,2759.5,2782.5,2829,5791017,2532.664551
1068,3/23/2021,2891.5,2815.5,2825.5,2871,4288049,2570.264893
1069,3/24/2021,2874,2833.5,2867.5,2850,3095719,2551.464844
1070,3/25/2021,2810.5,2724.5,2803,2754,7523956,2513.047852
1071,3/26/2021,2798.5,2750,2778,2775.5,3412618,2532.666992
1072,3/29/2021,2830.5,2752.919922,2800,2826.5,3207399,2579.20459
1073,3/30/2021,2845,2763,2845,2770,3642145,2527.648193
1074,3/31/2021,2779.585938,2750.061035,2778,2774,6300959,2531.29834
1075,4/1/2021,2795,2710.5,2795,2715.5,3573556,2477.916504
1076,4/6/2021,2779,2736,2737.5,2760.5,6949701,2518.979492
1077,4/7/2021,2806.5,2763,2771,2775,3089986,2532.210449
1078,4/8/2021,2859.5,2773.5,2773.5,2858.5,4622638,2608.405029
1079,4/9/2021,2837.5,2779.5,2832,2786,5062166,2542.248291
1080,4/12/2021,2805.5,2764,2780,2788.5,8016516,2544.529297
1081,4/13/2021,2792.5,2749,2773,2791,3680859,2546.810791
1082,4/14/2021,2792,2765,2784.5,2784.5,2854037,2540.87915
1083,4/15/2021,2827,2790,2790,2822,4823017,2575.098389
1084,4/16/2021,2901,2812,2828,2901,7600097,2647.186523
1085,4/19/2021,2914.5,2882,2897.5,2914,7229501,2659.049561
1086,4/20/2021,2759,2662.5,2750,2692.5,10347819,2456.928955
1087,4/21/2021,2757,2691.5,2705.5,2736.5,5309295,2497.079102
1088,4/22/2021,2753.5,2713.927979,2714,2743,3922349,2503.010254
1089,4/23/2021,2737.5,2705.5,2724.5,2734,10641834,2494.797607
1090,4/26/2021,2732,2691,2730.5,2706.5,3147263,2469.703613
1091,4/27/2021,2712,2689,2691,2697.5,9170667,2461.490967
1092,4/28/2021,2724.785889,2661,2701,2680.5,7837560,2445.978516
1093,4/29/2021,2694,2603,2680,2626,10255457,2396.246826
1094,4/30/2021,2695,2629.5,2639.5,2682,7502089,2447.347412
1095,5/4/2021,2728.5,2680,2683.5,2715,4230758,2477.460205
1096,5/5/2021,2726.5,2685.5,2708.5,2716,3598199,2478.372559
1097,5/6/2021,2803,2731.5,2731.5,2803,3838130,2557.760986
1098,5/7/2021,2865.5,2809,2814.5,2838.5,4412631,2590.154541
1099,5/10/2021,2843.5,2790.5,2837.5,2825,5512262,2577.835938
1100,5/11/2021,2817.5,2753,2811,2766.5,4135216,2524.454102
1101,5/12/2021,2830.5,2755,2757,2817.5,5365832,2570.992188
1102,5/13/2021,2825.5,2762,2808.5,2819.5,2670438,2572.817139
1103,5/14/2021,2854.5,2821.5,2838.5,2827,2896036,2579.660889
1104,5/17/2021,2844,2792,2830.5,2816.5,2415130,2570.080078
1105,5/18/2021,2845.260986,2797.5,2838.5,2805,2302517,2559.585938
1106,5/19/2021,2805,2759.5,2792,2779.5,2385083,2536.316895
1107,5/20/2021,2797,2753.5,2792,2784,2980135,2540.423096
1108,5/21/2021,2811.5,2762.5,2788.5,2802,3669077,2556.848145
1109,5/24/2021,2830.5,2784,2815,2798,2170066,2553.198242
1110,5/25/2021,2796,2772.5,2794,2775.5,2827560,2532.666992
1111,5/26/2021,2790,2762,2780,2777,2144290,2534.035889
1112,5/27/2021,2788.5,2751,2777,2759.5,11505241,2518.066895
1113,6/1/2021,2725,2702,2720,2715,3453743,2477.460205
1114,6/2/2021,2738,2707.5,2718,2730.5,4070759,2491.604248
1115,6/3/2021,2745.5,2700,2741.5,2745.5,3433145,2505.291504
1116,6/4/2021,2749.5,2720,2745.5,2734,1139028,2494.797607
1117,6/7/2021,2790.5,2722,2742,2774,2877090,2531.29834
1118,6/8/2021,2841,2781.5,2801,2785,3467106,2541.335938
1119,6/9/2021,2811.5,2768,2775,2811,2753984,2565.061035
1120,6/10/2021,2839.080078,2811.5,2811.5,2816.5,2015627,2570.080078
1121,6/11/2021,2832.5,2802,2822,2806,1674220,2560.498535
1122,6/14/2021,2838.5,2795.5,2822.5,2795.5,1833804,2550.91748
1123,6/15/2021,2867,2811.5,2822,2845.5,4019028,2596.54248
1124,6/16/2021,2848,2812,2835.5,2825,2487049,2577.835938
1125,6/17/2021,2857,2809.5,2809.5,2846.5,3181847,2597.454834
1126,6/18/2021,2844.5,2784.5,2840.5,2792,6021198,2547.7229
1127,6/21/2021,2813.5,2775.5,2786.5,2811.5,1600170,2565.51709
1128,6/22/2021,2823.5,2792.5,2816.5,2794.5,1731719,2550.004639
1129,6/23/2021,2799.5,2772,2795.5,2772,1692603,2529.473145
1130,6/24/2021,2785.5,2766.5,2780.5,2771,1901038,2528.560791
1131,6/25/2021,2800,2778.5,2787.5,2786.5,1618283,2542.70459
1132,6/28/2021,2826.5,2786.5,2787,2816,2493765,2569.623535
1133,6/29/2021,2855,2821.5,2824.5,2828.5,2279170,2581.029785
1134,6/30/2021,2835,2788,2825,2800,2544599,2555.023193
1135,7/1/2021,2832,2796.5,2816.5,2828,2230662,2580.57373
1136,7/2/2021,2854,2817,2828,2821,2845212,2574.186035
1137,7/5/2021,2839.5,2808,2824,2828.5,1109598,2581.029785
1138,7/6/2021,2827.795898,2798.949951,2821,2803,2173764,2557.760986
1139,7/7/2021,2829.5,2790,2808,2822,2420812,2575.098389
1140,7/8/2021,2773.215088,2736,2764,2758.5,3088067,2566.167969
1141,7/9/2021,2779,2748.5,2755,2772.5,1985694,2579.19165
1142,7/12/2021,2781,2756.5,2765,2772.5,4845719,2579.19165
1143,7/13/2021,2793.5,2763.5,2775,2782,2729824,2588.029297
1144,7/14/2021,2804.5,2742,2763.5,2800,2976424,2604.774414
1145,7/15/2021,2832.5,2783,2802,2793,4800918,2598.262695
1146,7/16/2021,2866.5,2807.5,2819.5,2847,4333342,2648.497314
1147,7/19/2021,2833.5,2738,2825,2746,3449505,2554.539551
1148,7/20/2021,2793,2723.5,2759.5,2724,5137590,2534.073242
1149,7/21/2021,2760.5,2730,2730,2742.5,3859865,2551.283691
1150,7/22/2021,2754.5,2715,2746.5,2735,2762114,2544.306396
1151,7/23/2021,2775,2735,2740,2769,2184193,2575.936035
1152,7/26/2021,2784,2750,2761,2766,1751493,2573.14502
1153,7/27/2021,2773.5,2724.5,2765.5,2770.5,3049369,2577.331299
1154,7/28/2021,2784,2710,2710,2734,2212642,2543.375977
1155,7/29/2021,2743,2704.5,2729.5,2723,2741759,2533.143066
1156,7/30/2021,2729,2677.5,2723,2680.5,3599047,2493.606201
1157,8/2/2021,2708,2680,2680,2704,1693530,2515.467773
1158,8/3/2021,2716.5,2693,2707.5,2706,1732475,2517.328613
1159,8/4/2021,2715,2679,2704.5,2679,1998349,2492.210693
1160,8/5/2021,2688.5,2656.5,2681.5,2656.5,2436012,2471.279785
1161,8/6/2021,2663.5,2645.459961,2661,2649.5,3246822,2464.767822
1162,8/9/2021,2668.5,2645.5,2649.5,2657.5,2468138,2472.209961
1163,8/10/2021,2664,2632,2661.5,2648,2679715,2463.372314
1164,8/11/2021,2687,2650,2653.5,2675.5,4225933,2488.954834
1165,8/12/2021,2706,2665,2688,2671,2649175,2484.768799
1166,8/13/2021,2694.5,2673,2675.5,2686,1753534,2498.7229
1167,8/16/2021,2682.5,2652,2670,2680,2140777,2493.141357
1168,8/17/2021,2718.5,2672.5,2673.5,2702.5,2377976,2514.07251
1169,8/18/2021,2725.383057,2685,2700,2696,2084429,2508.025635
1170,8/19/2021,2687,2644,2681,2670,3051464,2483.838379
1171,8/20/2021,2721,2669.5,2673.5,2711.5,3542173,2522.444824
1172,8/23/2021,2741,2706,2712,2706,1895178,2517.328613
1173,8/24/2021,2708.5,2676.5,2700,2688,1829968,2500.583496
1174,8/25/2021,2706.060059,2676.5,2681,2702,6157881,2513.607422
1175,8/26/2021,2705.227051,2673,2695,2694,3790188,2506.165039
1176,8/27/2021,2728.5,2691.5,2703.5,2699,1711274,2510.816406
1177,8/31/2021,2737.5,2703.5,2730,2729,3778113,2538.724609
1178,9/1/2021,2751.5,2702,2734,2705.5,3199110,2516.863281
1179,9/2/2021,2726.5,2699,2708.5,2719,1626690,2529.422119
1180,9/3/2021,2731,2698.5,2724.5,2711,1676121,2521.979736
1181,9/6/2021,2745.5,2711.725098,2712,2738,1020615,2547.097412
1182,9/7/2021,2738,2713,2736.5,2722.5,1467716,2532.677979
1183,9/8/2021,2724.5,2686.5,2714.5,2723,2818408,2533.143066
1184,9/9/2021,2710.5,2658,2707.5,2663,4331658,2477.326416
1185,9/10/2021,2670,2650.334961,2670,2655.5,2203203,2470.349121
1186,9/13/2021,2678,2630.5,2650,2658.5,2415200,2473.140381
1187,9/14/2021,2668.5,2647.810059,2657.5,2659,1745049,2473.605225
1188,9/15/2021,2685,2662,2666,2669.5,3966962,2483.373535
1189,9/16/2021,2693.5,2663,2678,2663.5,6602071,2477.791748
1190,9/17/2021,2694.5,2648,2679,2658,6292169,2472.675049
1191,9/20/2021,2657,2616.7229,2649,2641.5,3258776,2457.325439
1192,9/21/2021,2673.5,2641,2641,2666,2507907,2480.117432
1193,9/22/2021,2693,2662.5,2673,2693,4088568,2505.234619
1194,9/23/2021,2700,2663.5,2695,2670.5,2084457,2484.303711
1195,9/24/2021,2670,2651.5,2660,2658,2445779,2472.675049
1196,9/27/2021,2680.5,2647.5,2670,2673.5,4017663,2487.094482
1197,9/28/2021,2706,2661.5,2661.5,2700.5,3742430,2512.211914
1198,9/29/2021,2743.5,2702,2715.5,2736.5,3006391,2545.70166
1199,9/30/2021,2717.5,2604,2711,2604,6642227,2471.113037
1200,10/1/2021,2605,2533,2601,2539.5,5160569,2409.904785
1201,10/4/2021,2585.5,2525.5,2538.5,2567,3354941,2436.000977
1202,10/5/2021,2581,2549.5,2562,2550,4533185,2419.868896
1203,10/6/2021,2549.5,2507.5,2549.5,2525.5,6264761,2396.619141
1204,10/7/2021,2565,2533,2544.5,2534,3283080,2404.685303
1205,10/8/2021,2542.199951,2520,2535,2537,2145831,2407.532227
1206,10/11/2021,2547.5,2520.5,2540,2540.5,4117086,2410.853516
1207,10/12/2021,2543,2521.5,2529,2539.5,2831544,2409.904785
1208,10/13/2021,2581.5,2509,2530,2569.5,3728265,2438.373535
1209,10/14/2021,2608.5,2574,2574,2593,2645934,2460.674072
1210,10/15/2021,2618.5,2595.5,2606,2599,2709165,2466.368164
1211,10/18/2021,2609,2574.5,2599,2583.5,2571660,2451.658936
1212,10/19/2021,2595.5,2572.125977,2592,2580,1975236,2448.337646
1213,10/20/2021,2606,2585,2587,2603.5,3079097,2470.638428
1214,10/21/2021,2617.5,2589,2604.5,2599,2647506,2466.368164
1215,10/22/2021,2615,2583,2595.5,2600,1866031,2467.316895
1216,10/25/2021,2608,2573.5,2605,2583,3070978,2451.184814
1217,10/26/2021,2601,2576.5,2583,2594,3528305,2461.623535
1218,10/27/2021,2615.5,2580,2595,2599.5,3566362,2466.842773
1219,10/28/2021,2611.5,2580,2589.5,2584.5,2326163,2452.608154
1220,10/29/2021,2583.5,2546.5,2580,2546.5,5559907,2416.547363
1221,11/1/2021,2583.209961,2523.5,2556.5,2552.5,2572066,2422.241211
1222,11/2/2021,2587.5,2538.5,2548,2539.5,3585562,2409.904785
1223,11/3/2021,2545,2514,2536,2518.5,4870279,2389.976318
1224,11/4/2021,2552.5,2508,2535,2512.5,5836728,2384.282471
1225,11/5/2021,2553.5,2512,2517.5,2544,3670358,2414.174805
1226,11/8/2021,2544,2528,2543.5,2531.5,1779879,2402.312988
1227,11/9/2021,2555.5,2525,2525,2545.5,4059311,2415.598389
1228,11/10/2021,2587.5,2540,2541,2580.5,4704673,2448.812256
1229,11/11/2021,2599.5,2573.5,2586.5,2590.5,4117672,2458.302246
1230,11/12/2021,2626.060059,2594.5,2603.5,2613,2803060,2479.653564
1231,11/15/2021,2620,2593,2593,2619,2670035,2485.347412
1232,11/16/2021,2625,2593.5,2624.5,2593.5,2310679,2461.148926
1233,11/17/2021,2589,2559.5,2589,2574.5,2693025,2443.118408
1234,11/18/2021,2582.208008,2559.5,2571.5,2565.5,3737516,2434.577637
1235,11/19/2021,2577,2541,2562,2544.5,4022551,2414.649658
1236,11/22/2021,2586.5,2540.5,2550.5,2579.5,2244424,2447.863281
1237,11/23/2021,2592,2557,2562.5,2586,2154252,2454.031494
1238,11/24/2021,2587,2567,2582,2582.5,1884891,2450.710205
1239,11/25/2021,2613,2576,2578.5,2611.5,1393532,2478.230225
1240,11/26/2021,2600.5,2535.5,2566.5,2541,4143917,2411.327881
1241,11/29/2021,2569.5,2539.5,2558.5,2556,3122233,2425.5625
1242,11/30/2021,2554.729004,2514,2548.5,2530,7114570,2400.889404
1243,12/1/2021,2573,2525,2525,2561.5,5382535,2430.781738
1244,12/2/2021,2559,2539,2542,2548.5,2323740,2418.445313
1245,12/3/2021,2583.5,2541.5,2557,2583.5,4204397,2451.658936
1246,12/6/2021,2641.5,2587,2600,2625.5,3097862,2491.515625
1247,12/7/2021,2694,2637,2650,2652.5,5113379,2517.137939
1248,12/8/2021,2695.5,2660,2663.5,2684,6736220,2547.030273
1249,12/9/2021,2711.5,2676.5,2687,2691,3738410,2553.67334
1250,12/10/2021,2762,2692.5,2703.5,2759,7094691,2618.203125
1251,12/13/2021,2764.5,2723.5,2762,2732.5,9228049,2593.05542
1252,12/14/2021,2756,2691,2748,2702.5,4689890,2564.586426
1253,12/15/2021,2707,2672.5,2699,2677,2896390,2540.387451
1254,12/16/2021,2701.5,2670,2693.5,2689.5,3766331,2552.249756
1255,12/17/2021,2775,2709.5,2733,2762.5,11639978,2621.524414
1256,12/20/2021,2780.5,2719,2750,2771,3424531,2629.590576
1257,12/21/2021,2812,2781,2795,2807.5,4460653,2664.228027
1258,12/22/2021,2812.790039,2766.5,2801.5,2800,3459932,2657.11084
1259,12/23/2021,2756,2717.5,2753,2745.5,3736481,2656.530029
1260,12/24/2021,2761.306885,2738,2740,2750,532337,2660.884277
1261,12/29/2021,2756,2730,2744,2737.5,2069448,2648.789307
1262,12/30/2021,2749.5,2728.787109,2738,2729.5,1229052,2641.048584
1263,12/31/2021,2733.5,2700.5,2700.5,2733.5,942259,2644.919189
1264,12/10/2021,,,2645.632813,,,
1265,12/13/2021,,,2637.24585,,,
1266,12/14/2021,,,2597.803711,,,
1267,12/15/2021,,,2567.043213,,,
1268,12/16/2021,,,2585.452148,,,
1269,12/17/2021,,,2600.850586,,,
1270,12/20/2021,,,2614.166504,,,
1271,12/21/2021,,,2632.042236,,,
1272,12/22/2021,,,2654.29541,,,
1273,12/23/2021,,,2665.012207,,,
1274,12/27/2021,,,2699.262451,,,
1275,12/28/2021,,,2725.750977,,,
1276,12/29/2021,,,2740.458252,,,
1277,12/30/2021,,,2752.711182,,,
1278,1/3/2022,,,2779.585449,,,
1279,1/4/2022,,,2804.973633,,,
1280,1/5/2022,,,2777.497803,,,
1281,1/6/2022,,,2792.53418,,,
1282,1/7/2022,,,2796.393555,,,
1283,1/10/2022,,,2796.710205,,,
1284,1/11/2022,,,2800.678711,,,
