,Date,High,Low,Open,Close,Volume,Adj Close,Predicted
0,1/3/2017,748.4984131,748.4984131,748.4984131,748.4984131,0,647.4914551,
1,1/4/2017,751.2642212,751,751.2642212,751,2546,649.6554565,
2,1/5/2017,751,751,751,751,0,649.6554565,
3,1/6/2017,760.5,754.5,756,755,24371,653.1156006,
4,1/9/2017,777,757.5,769,777,16674,672.1467285,
5,1/10/2017,782.5,776.5,780.5,782.5,16588,676.9046021,
6,1/11/2017,803.2000122,786,796,789,34477,682.5274048,
7,1/12/2017,825.6380005,654.0985107,812.5,812,32645,702.4237671,
8,1/13/2017,804.4525146,791,793.5,796,28700,688.5829468,
9,1/16/2017,778.5,771.5,778.5,772.5,16616,668.2540894,
10,1/17/2017,792,783.5,785.5,786.5,22551,680.3649292,
11,1/18/2017,798.8300171,783,788,791.5,22689,684.6901245,
12,1/19/2017,800.7600098,786,790,786.5,29513,680.3649292,
13,1/20/2017,795.6607056,592.6287231,792,783,46229,677.3371582,
14,1/23/2017,814.7512817,804,809,804,43760,695.5033569,
15,1/24/2017,821.5,812,813,821.5,27402,710.6416626,
16,1/25/2017,859,821,837,854.5,41161,739.1885376,
17,1/26/2017,878,840,855.5,848,80420,733.5657349,
18,1/27/2017,846.5,835.5,844.5,843,15820,729.2402954,
19,1/30/2017,844.5,834,840,834.5,10107,721.8874512,
20,1/31/2017,852,842,842,850.5,27578,735.7283325,
21,2/1/2017,846.5,840,841,846.5,21426,732.2681885,
22,2/2/2017,865.5,854,854,865,13026,748.2715454,
23,2/3/2017,864,855.5,856,864,18315,747.4063721,
24,2/6/2017,866.5,861,864,866.5,12651,749.5689697,
25,2/7/2017,866.5,840.5,845,850,15259,735.2957764,
26,2/8/2017,842,832.5,832.5,841.5,10360,727.942627,
27,2/9/2017,839,833.5,839,835,17679,722.3198853,
28,2/10/2017,833.5,828,832,829.5,14362,717.5620728,
29,2/13/2017,823.5,816.5,820,819,25352,708.4789429,
30,2/14/2017,826,808,820,817.5,22609,707.1815186,
31,2/15/2017,833.5,822.5,822.5,830,22297,717.994751,
32,2/16/2017,837.5,827,827,837.5,23547,724.482666,
33,2/17/2017,822.5,816.5,819.5,819,19572,708.4789429,
34,2/20/2017,854.5,834.9000244,849,839.5,22158,726.2127075,
35,2/21/2017,850,845,850,849,13419,734.430603,
36,2/22/2017,856,849,855.5,854,22803,738.7559814,
37,2/23/2017,860.1920166,854,857.5,859.5,30387,743.5137939,
38,2/24/2017,859.5,835.5,844.5,836,15057,723.1850586,
39,2/27/2017,839,831.7186279,836.5,835,10256,722.3198853,
40,2/28/2017,856.5,844,846,848,27359,733.5657349,
41,3/1/2017,843.5,836.5,840.5,841.5,18174,727.942627,
42,3/2/2017,865,854,860.5,860.5,21903,744.3787842,
43,3/3/2017,860,851.5,853.5,860,17378,743.9463501,
44,3/6/2017,866,859,860.5,859,10193,743.0812988,
45,3/7/2017,871,864,871,864,18528,747.4063721,
46,3/8/2017,875,864.5,875,867.5,26061,750.4343262,
47,3/9/2017,865.5,858,863.5,863.5,21494,746.9740601,
48,3/10/2017,870.5,863,863,864.5,18083,747.8391113,
49,3/13/2017,883.5,879,880,879,12449,760.3823242,
50,3/14/2017,897,891.5,896,892,19204,771.6280518,
51,3/15/2017,907,892,901.5,907,23481,784.6038208,
52,3/16/2017,926.5,907,920.5,925.5,19825,800.6072998,
53,3/17/2017,933,928,930,932,27767,806.2302856,
54,3/20/2017,941,935,938,936,32260,809.6904297,
55,3/21/2017,949.5,938,949.5,941,23205,814.0157471,
56,3/22/2017,947,938,940.5,944,16529,816.6108398,
57,3/23/2017,933,926,933,927,56495,801.9048462,
58,3/24/2017,931.5,921,924.5,923.5,27652,798.8771973,
59,3/27/2017,928,920,923,920,19464,795.8494873,
60,3/28/2017,933.5,925,925.5,932,38408,806.2302856,
61,3/29/2017,938.5,934,938.5,934.5,70226,808.3928223,
62,3/30/2017,942,935,942,936.5,14640,812.8409424,
63,3/31/2017,936.5,900.5,920.5,917.5,26118,796.3499756,
64,4/3/2017,926.5,918.5,924,920,21819,798.5197754,
65,4/4/2017,938,920.7025757,937,935.5,43942,811.9729614,
66,4/5/2017,943,935,938,943,15846,818.4827881,
67,4/6/2017,924.5,919.5,923.5,921,13438,799.3877563,
68,4/7/2017,926,913.5,915,926,28907,803.7276611,
69,4/10/2017,923.5,913.5,913.5,923.5,13675,801.5576172,
70,4/11/2017,911.5,908,910,910,26879,789.84021,
71,4/12/2017,924,910.2623901,920,924,15413,801.9916382,
72,4/13/2017,939,931.5,935.5,933,8228,809.8032227,
73,4/18/2017,909.5,900.5,909,908,15929,788.1044922,
74,4/19/2017,908,893.5,898,901.5,13766,782.4626465,
75,4/20/2017,891,882.5,885,882.5,26807,765.9713135,
76,4/21/2017,901.5,894,895,896.5,14294,778.1229248,
77,4/24/2017,915,895,906,911,17179,790.708252,
78,4/25/2017,944.5,936.5,941.5,942,24153,817.6148682,
79,4/26/2017,945,931,944,934.5,22561,811.1051025,
80,4/27/2017,968,958,965,961.5,20327,834.539856,
81,4/28/2017,982,974.5,980,981,33807,851.4651489,
82,5/2/2017,1003,989.5,1000,995,36506,863.6166382,
83,5/3/2017,997,991.5,997,994,24698,862.7487793,
84,5/4/2017,1005,997,1001,999.5,26627,867.5223999,
85,5/5/2017,1001.799988,986,991.5,990,25188,859.2768555,
86,5/8/2017,1030,999.3400269,1026,1024,39937,888.7871704,
87,5/9/2017,1038,1023,1028,1035,20672,898.3348999,
88,5/10/2017,1024,999,1006,1008,26953,874.8999634,
89,5/11/2017,1013,997,1012,997,16761,865.352478,
90,5/12/2017,1018,999.5,1005,1011,28551,877.5039063,
91,5/15/2017,1035,1023.586975,1030,1035,21031,898.3348999,
92,5/16/2017,1043,1030,1040,1035,10557,898.3348999,
93,5/17/2017,1039,1021,1035,1022,14233,887.0513916,
94,5/18/2017,1017.903015,996.5,1016,1004,51557,871.4280396,
95,5/19/2017,1005.159424,989.5,995,997,28305,865.352478,
96,5/22/2017,1014,1001.642029,1011,1010,17249,876.6359253,
97,5/23/2017,1006.037476,994,998,999,19237,867.0884399,
98,5/24/2017,1006.829102,994,994,1004,15071,871.4280396,
99,5/25/2017,1026,1014,1022,1021,17924,886.1834106,
100,5/26/2017,1034,1024,1028,1034,21624,897.4667969,
101,5/30/2017,1000,986,989.5,1000,29083,867.9564209,
102,5/31/2017,1003,992,1001,993,14027,861.8806152,
103,6/1/2017,1002,993,993,1002,14108,869.6922607,
104,6/2/2017,1028,1002,1025,1023,11070,887.9193115,
105,6/5/2017,1030,1023,1030,1026,6626,890.5233765,
106,6/6/2017,1025,1015,1022,1015,16837,880.975708,
107,6/7/2017,1015,1006,1011,1012,19013,878.3716431,
108,6/8/2017,1015,1006,1008,1014,14581,880.1077881,
109,6/9/2017,1035,1022,1023,1034,18357,897.4667969,
110,6/12/2017,1006,994,1006,1002,30572,869.6922607,
111,6/13/2017,1017,1002.530273,1003,1014,58960,880.1077881,
112,6/14/2017,1022,1010,1012,1020,12870,885.3153076,
113,6/15/2017,1019,998,1019,998.5,15569,866.6544189,
114,6/16/2017,1013,997,1001,997.5,33884,865.786438,
115,6/19/2017,1033,997.5,1025,1028,5034,892.2590332,
116,6/20/2017,1055,1042,1055,1042,3478,904.4104614,
117,6/21/2017,1042,1037,1041,1040,738,902.6746826,
118,6/22/2017,1052,1040.416748,1045,1051,4696,912.222229,
119,6/23/2017,1050,1042,1044,1043,920,905.2784424,
120,6/26/2017,1043,1043,1043,1043,0,905.2784424,
121,6/27/2017,1043,1043,1043,1043,0,905.2784424,
122,6/28/2017,1051,1042,1048,1046,6498,907.8823853,
123,6/29/2017,1054,1041,1042,1041,6210,906.2017822,
124,6/30/2017,1044.5,1035,1042,1035,1230,900.9785767,
125,7/3/2017,1037,1028,1034,1034,10840,900.1082764,
126,7/4/2017,1030,1016,1030,1016,9348,884.4389038,
127,7/5/2017,1037,1023,1036,1026,10167,893.1442871,
128,7/6/2017,1042,1030,1042,1038,11584,903.59021,
129,7/7/2017,1039.973755,1032,1033,1039,16598,904.4607544,
130,7/10/2017,1062,1047,1047,1061,19285,923.6118774,
131,7/11/2017,1061,1061,1061,1061,0,923.6118774,
132,7/12/2017,1104,1080.307617,1084,1103,24569,960.1734619,
133,7/13/2017,1118,1110,1118,1112,16610,968.0082397,
134,7/14/2017,1120,1109,1117,1119,18040,974.1015015,
135,7/17/2017,1124,1118,1123,1123,18187,977.5836182,
136,7/18/2017,1132,1121,1123,1130,19986,983.677063,
137,7/19/2017,1135,1119,1133,1119,26879,974.1015015,
138,7/20/2017,1141,1130,1136,1141,12096,993.2528687,
139,7/21/2017,1144,1127,1140,1127,19918,981.0654907,
140,7/24/2017,1137,1118,1118,1125,30499,979.324707,
141,7/25/2017,1118.968994,1088,1112,1105,56066,961.9144897,
142,7/26/2017,1115,1105,1115,1105,22324,961.9144897,
143,7/27/2017,1120,1110,1120,1110,30628,966.2668457,
144,7/28/2017,1069,1050,1069,1068,31012,929.7055054,
145,7/31/2017,1086.069214,1071,1074,1078,15167,938.4105835,
146,8/1/2017,1086,1067,1080,1077,29497,937.5402832,
147,8/2/2017,1101,1083,1094,1101,25883,958.432312,
148,8/3/2017,1067,1056,1058,1061,23230,923.6118774,
149,8/4/2017,1065,1051,1063,1061,14266,923.6118774,
150,8/7/2017,1061,1052.596802,1056,1055,19017,918.3889771,
151,8/8/2017,1066,1057,1062,1065,17926,927.0941772,
152,8/9/2017,1038.969971,1004,1022,1012,29886,880.9570313,
153,8/10/2017,1009,980.5,1009,990,25292,861.8056641,
154,8/11/2017,984,966.5,972,983,29742,855.7120361,
155,8/14/2017,1016,989.5,994.5,1014,57004,882.6980591,
156,8/15/2017,1026,1012,1026,1020,37714,887.9211426,
157,8/16/2017,1034,1013,1016,1032,54755,898.3671265,
158,8/17/2017,1045,1034,1039,1037,45063,902.7198486,
159,8/18/2017,1036,1027,1036,1030,18127,896.6261597,
160,8/21/2017,1036,1026.801392,1030,1030,15301,896.6261597,
161,8/22/2017,1048,1030.013794,1040,1047,16507,911.4247437,
162,8/23/2017,1054,1045,1050,1047,21819,911.4247437,
163,8/24/2017,1072,1051,1051,1061,29879,923.6118774,
164,8/25/2017,1057,1044,1045,1049,16814,913.1659546,
165,8/29/2017,1023,1011,1023,1021,23089,888.791626,
166,8/30/2017,1033,1027,1033,1028,18189,894.8851318,
167,8/31/2017,1035,1025,1031,1029,20764,895.7555542,
168,9/1/2017,1050,1034,1039,1048,32710,912.2952271,
169,9/4/2017,1024,1015,1017,1022,10471,889.6620483,
170,9/5/2017,1048,1024,1030,1024,21929,891.4031372,
171,9/6/2017,1045,1029,1033,1044,20244,908.8134155,
172,9/7/2017,1081,1064,1067,1075,18851,935.7991333,
173,9/8/2017,1094,1084,1084,1085,18506,944.5043945,
174,9/11/2017,1120,1103,1103,1110,31818,966.2668457,
175,9/12/2017,1105,1095,1103,1095,14685,953.2094116,
176,9/13/2017,1105,1096,1102,1104,19011,961.0440063,
177,9/14/2017,1115,1104.969238,1112,1111,11352,967.1376343,
178,9/15/2017,1120,1096,1120,1096,40970,954.079834,
179,9/18/2017,1159,1148,1154,1153,33972,1003.698975,
180,9/19/2017,1162,1153,1156,1161,20832,1010.663391,
181,9/20/2017,1165,1155,1161,1165,15607,1014.144897,
182,9/21/2017,1167,1154,1167,1158,17851,1008.051636,
183,9/22/2017,1166,1160,1165,1165,10489,1014.144897,
184,9/25/2017,1195,1180,1181,1194,40751,1039.390015,
185,9/26/2017,1190,1133,1137,1145,44402,996.7348633,
186,9/27/2017,1140,1127,1137,1129,23822,982.8068848,
187,9/28/2017,1122,1101,1117,1111,26313,969.8748169,
188,9/29/2017,1143,1117,1117,1132,18729,988.2070923,
189,10/2/2017,1155,1132,1147,1153,37265,1006.539551,
190,10/3/2017,1159,1150,1153,1156,16059,1009.15863,
191,10/4/2017,1168,1157,1162,1160,24308,1012.650208,
192,10/5/2017,1164,1154,1164,1161,7872,1013.523621,
193,10/6/2017,1166,1156,1160,1161,25017,1013.523621,
194,10/9/2017,1161,1150,1160,1155,23574,1008.285522,
195,10/10/2017,1179,1168,1173,1178,25632,1028.36377,
196,10/11/2017,1212,1196,1203,1203,27889,1050.188477,
197,10/12/2017,1224,1208,1217,1211,23277,1057.172119,
198,10/13/2017,1205,1189,1202,1189,25213,1037.966919,
199,10/16/2017,1203,1193,1199,1198,17856,1045.823608,
200,10/17/2017,1218,1202,1208,1215,25021,1060.664063,
201,10/18/2017,1215,1205,1211,1215,26613,1060.664063,
202,10/19/2017,1215,1160,1179,1167,43333,1018.761292,
203,10/20/2017,1196,1182.076538,1195,1185,30872,1034.474854,
204,10/23/2017,1205,1185,1204,1194,25512,1042.331543,
205,10/24/2017,1200,1194,1200,1197,12281,1044.950684,
206,10/25/2017,1205.47998,1194,1197,1196,14391,1044.077271,
207,10/26/2017,1200.619995,1163,1171,1176,18203,1026.618164,
208,10/27/2017,1186,1169,1169,1184,21551,1033.601807,
209,10/30/2017,1213,1197,1204,1207,16609,1053.680176,
210,10/31/2017,1249,1233,1238,1233,21616,1076.377441,
211,11/1/2017,1291,1280,1288,1282,20848,1119.153198,
212,11/2/2017,1285,1271,1285,1273,25072,1111.296509,
213,11/3/2017,1272,1252,1270,1252,27820,1092.964111,
214,11/6/2017,1273,1260,1263,1273,22106,1111.296509,
215,11/7/2017,1267,1247,1267,1247,20422,1088.599243,
216,11/8/2017,1276,1262,1274,1262,30912,1101.694092,
217,11/9/2017,1269.945557,1242,1257,1244,30046,1085.980469,
218,11/10/2017,1262,1243,1256,1248,33012,1089.472046,
219,11/13/2017,1257,1245,1257,1247,15220,1088.599243,
220,11/14/2017,1258,1242,1242,1245,17123,1086.853394,
221,11/15/2017,1268.619141,1236,1246,1237,17614,1079.869385,
222,11/16/2017,1280,1246,1255,1276,20733,1113.915527,
223,11/17/2017,1285.765381,1266,1274,1278,18174,1115.661377,
224,11/20/2017,1263,1250,1254,1263,21657,1102.567017,
225,11/21/2017,1282,1262,1265,1279,28353,1116.534546,
226,11/22/2017,1292,1285,1292,1287,17751,1123.517944,
227,11/23/2017,1280,1271,1272,1276,13770,1113.915527,
228,11/24/2017,1283,1274,1282,1283,13610,1120.026245,
229,11/27/2017,1219,1206,1211,1217,38162,1062.409912,
230,11/28/2017,1241,1228,1235,1228,27156,1072.012939,
231,11/29/2017,1225,1196,1219,1196,47476,1044.077271,
232,11/30/2017,1177,1165,1170,1175,56892,1025.744995,
233,12/1/2017,1177,1161,1177,1171,33164,1022.253235,
234,12/4/2017,1185,1161,1185,1165,33396,1017.015015,
235,12/5/2017,1184,1168,1179,1184,22455,1033.601807,
236,12/6/2017,1152,1128,1147,1151,23665,1004.793701,
237,12/7/2017,1178,1151,1151,1166,27734,1017.888428,
238,12/8/2017,1193,1186,1193,1186,23348,1035.347656,
239,12/11/2017,1199,1181,1188,1199,19119,1046.696411,
240,12/12/2017,1200,1193,1198,1194,14807,1042.331543,
241,12/13/2017,1185,1174,1180,1180.377319,23444,1030.439209,
242,12/14/2017,1185,1168,1176,1176,26282,1026.618164,
243,12/15/2017,1159,1147,1156,1147,53970,1001.301758,
244,12/18/2017,1177,1168,1177,1168,16645,1019.634155,
245,12/19/2017,1193,1170,1189,1173,30037,1023.999084,
246,12/20/2017,1177,1165,1175,1166,28396,1017.888428,
247,12/21/2017,1148,1131,1136,1148,22637,1002.174683,
248,12/22/2017,1159,1151,1159,1158,6285,1010.904724,
249,12/27/2017,1162,1143,1143,1160,10585,1012.650208,
250,12/28/2017,1198,1180,1190,1180,15235,1039.097778,
251,12/29/2017,1199,1182,1185,1198,6398,1054.948486,
252,1/2/2018,1215,1193,1200,1210,14231,1065.515259,
253,1/3/2018,1232,1211,1221,1223,27832,1076.963379,
254,1/4/2018,1212,1199,1199,1208,13906,1063.754272,
255,1/5/2018,1235,1222,1233,1235,18199,1087.530273,
256,1/8/2018,1223,1216,1223,1218,17263,1072.560425,
257,1/9/2018,1197,1183,1185,1189,30619,1047.023193,
258,1/10/2018,1150,1138,1144,1138,51516,1002.112854,
259,1/11/2018,1140,1127,1131,1132,29627,996.8292847,
260,1/12/2018,1143,1132,1137,1140,36437,1003.874207,
261,1/15/2018,1152,1143,1147,1149,19168,1011.799561,
262,1/16/2018,1188,1178,1182,1182,28415,1040.858521,
263,1/17/2018,1168,1162,1162,1165,18323,1025.888428,
264,1/18/2018,1179,1168,1171,1175,22279,1034.694946,
265,1/19/2018,1159,1147,1159,1148,25287,1010.918823,
266,1/22/2018,1134,1125,1134,1132,21163,996.8292847,
267,1/23/2018,1155,1141,1151,1154,25893,1016.202515,
268,1/24/2018,1183,1156,1157,1178,32571,1037.33667,
269,1/25/2018,1196,1183,1187,1185,15658,1043.50061,
270,1/26/2018,1198,1187,1191,1189,17003,1047.023193,
271,1/29/2018,1204,1185,1204,1194,19169,1051.425903,
272,1/30/2018,1161,1123,1160,1136,41121,1000.351624,
273,1/31/2018,1191,1169,1175,1184,85071,1042.620239,
274,2/1/2018,1170,1143,1167,1150,40676,1012.679932,
275,2/2/2018,1115,1087,1115,1095,43917,964.2475586,
276,2/5/2018,1109,1090,1097,1102,24504,970.4116821,
277,2/6/2018,1098,1078,1080,1094,40196,963.3671265,
278,2/7/2018,1080,1058,1070,1079,38503,950.15802,
279,2/8/2018,1065,1054,1063,1057,34227,930.7849121,
280,2/9/2018,1049,1016,1035,1036,35122,912.2926636,
281,2/12/2018,1082,1056,1057,1072,38686,943.9938354,
282,2/13/2018,1103,1094,1103,1100,38799,968.6504517,
283,2/14/2018,1138,1110,1134,1122,28296,988.0233154,
284,2/15/2018,1177,1145,1146,1169,47292,1029.411255,
285,2/16/2018,1191,1170,1186,1170,42137,1030.29187,
286,2/19/2018,1137,1126,1136,1135,23995,999.4711914,
287,2/20/2018,1109,1091,1109,1106,29230,973.9341431,
288,2/21/2018,1104,1097,1101,1097,19214,966.0085449,
289,2/22/2018,1093,1076,1082,1093,17169,962.4862671,
290,2/23/2018,1097,1090,1090,1095,14854,964.2475586,
291,2/26/2018,1110,1098,1107,1102,26239,970.4116821,
292,2/27/2018,1109,1102,1109,1105,15763,973.0534668,
293,2/28/2018,1097,1084,1090,1097,15756,966.0085449,
294,3/1/2018,1098,1079,1093,1098,26366,966.8892212,
295,3/2/2018,1068,1042,1065,1059,30121,932.5462036,
296,3/5/2018,1060,1038,1038,1055,22921,929.0238647,
297,3/6/2018,1133,1090,1093,1118,34239,984.5013428,
298,3/7/2018,1135,1126,1134,1135,28587,999.4711914,
299,3/8/2018,1150,1139,1150,1141,15145,1004.754761,
300,3/9/2018,1163,1150,1160,1160,28709,1021.485779,
301,3/12/2018,1177,1162,1165,1168,18682,1028.530518,
302,3/13/2018,1210,1188,1203,1195,43773,1052.306763,
303,3/14/2018,1225,1213,1214,1214,31788,1069.037842,
304,3/15/2018,1215,1197,1210,1203,19566,1059.351685,
305,3/16/2018,1202,1184,1202,1184,27942,1042.620239,
306,3/19/2018,1191,1175,1187,1185,21815,1043.50061,
307,3/20/2018,1206,1191,1191,1201,24399,1057.59021,
308,3/21/2018,1197,1178,1197,1182,22155,1040.858521,
309,3/22/2018,1205,1173,1202,1173,21208,1032.933716,
310,3/23/2018,1163,1130,1150,1142,51476,1005.635193,
311,3/26/2018,1170,1153,1156,1153,19537,1015.321777,
312,3/27/2018,1170,1144,1170,1148,18544,1010.918823,
313,3/28/2018,1138,1103,1128,1138,38338,1009.302673,
314,3/29/2018,1160,1144,1144,1146,14500,1016.398254,
315,4/3/2018,1138,1121,1136,1130,13823,1002.20752,
316,4/4/2018,1106,1078,1103,1098,21308,973.8265381,
317,4/5/2018,1154,1124,1146,1125,28680,997.7729492,
318,4/6/2018,1132,1100,1132,1119,30480,992.4517212,
319,4/9/2018,1150,1138,1148,1144,15660,1014.62439,
320,4/10/2018,1157,1138,1142,1157,18786,1026.154053,
321,4/11/2018,1160,1138,1142,1150,15780,1019.945984,
322,4/12/2018,1159,1146,1154,1159,17105,1027.927979,
323,4/13/2018,1170,1155,1165,1155,10605,1024.380127,
324,4/16/2018,1175,1164,1175,1170,11691,1037.683838,
325,4/17/2018,1174,1166,1167,1171,11641,1038.570923,
326,4/18/2018,1213,1195,1196,1207,26236,1070.499634,
327,4/19/2018,1249,1225,1239,1225,27158,1086.463867,
328,4/20/2018,1204,1175,1201,1186,19365,1051.874512,
329,4/23/2018,1212,1195,1210,1199,16233,1063.404663,
330,4/24/2018,1173,1153,1171,1160,21738,1028.814941,
331,4/25/2018,1160,1133,1158,1143,37855,1013.737366,
332,4/26/2018,1207,1187,1200,1200,35614,1064.29126,
333,4/27/2018,1248,1221,1226,1233,43804,1093.559082,
334,4/30/2018,1243,1228,1228,1239,17080,1098.880981,
335,5/1/2018,1233,1219,1226,1219,18049,1081.142456,
336,5/2/2018,1233,1206,1225,1217,25271,1079.368652,
337,5/3/2018,1218,1204,1207,1205,15424,1068.72583,
338,5/4/2018,1215,1197,1206,1215,10050,1077.595093,
339,5/8/2018,1213,1197,1210,1203,23462,1066.952026,
340,5/9/2018,1198,1175,1182,1196,19021,1060.74353,
341,5/10/2018,1210,1195,1195,1210,7983,1073.160278,
342,5/11/2018,1209,1197,1204,1202,10157,1066.065063,
343,5/14/2018,1180,1172,1177,1180,11857,1046.552979,
344,5/15/2018,1155,1129,1152,1142,22805,1012.850586,
345,5/16/2018,1165,1148,1156,1160,26041,1028.814941,
346,5/17/2018,1150,1139,1147,1150,11548,1019.945984,
347,5/18/2018,1156,1133,1154,1148,15642,1018.171875,
348,5/21/2018,1152,1144,1144,1150,19110,1019.945984,
349,5/22/2018,1166,1152,1158,1166,31685,1034.136597,
350,5/23/2018,1195,1183,1195,1190,27847,1055.422241,
351,5/24/2018,1193,1158,1188,1165,21611,1033.24939,
352,5/25/2018,1218,1207,1213,1215,24012,1077.595093,
353,5/29/2018,1189,1172,1189,1181,10782,1047.440063,
354,5/30/2018,1149,1132,1144,1147,37950,1017.284851,
355,5/31/2018,1192,1179,1183,1186,32880,1051.874512,
356,6/1/2018,1196,1188,1189,1192,17790,1057.196045,
357,6/4/2018,1198,1185,1195,1191,7328,1056.309204,
358,6/5/2018,1198,1180,1197,1180,13029,1046.552979,
359,6/6/2018,1196,1184,1191,1188,14452,1053.648438,
360,6/7/2018,1187,1171,1187,1180,11488,1046.552979,
361,6/8/2018,1162,1140,1162,1145,16754,1015.511475,
362,6/11/2018,1160,1151,1156,1151,9672,1020.832825,
363,6/12/2018,1170,1147,1148,1154,26723,1023.493469,
364,6/13/2018,1155,1140,1154,1146,23782,1016.398254,
365,6/14/2018,1130,1111,1115,1127,25414,999.5470581,
366,6/15/2018,1096,1085,1096,1089,36153,965.8443604,
367,6/18/2018,1062,1050,1057,1060,37080,940.1239014,
368,6/19/2018,1065,1049,1056,1059,32809,939.2372437,
369,6/20/2018,1085,1064,1067,1070,31236,948.993042,
370,6/21/2018,1063,1049,1060,1056,19957,936.576416,
371,6/22/2018,1073,1056,1070,1056,13984,936.576416,
372,6/25/2018,1048,969,1045,1023,32501,907.3084717,
373,6/26/2018,1065,1049,1051,1060,35664,940.1239014,
374,6/27/2018,1074,1045,1074,1068,32695,947.2192383,
375,6/28/2018,1047,1020,1047,1030,25538,920.2987061,
376,6/29/2018,1054,1042,1051,1045,15897,933.7012329,
377,7/2/2018,1020,1002,1018,1007,28543,899.7484131,
378,7/3/2018,1039,1024,1027,1034,23071,923.8727417,
379,7/4/2018,1039,1027,1039,1035,10545,924.7661743,
380,7/5/2018,1035,1023,1028,1035,11483,924.7661743,
381,7/6/2018,1009,991.5,1002,1009,31898,901.5353394,
382,7/9/2018,1033,1022,1022,1026,10946,916.7249146,
383,7/10/2018,1041,1032,1037,1041,9122,930.1272583,
384,7/11/2018,1031,1021,1027,1030,9236,920.2987061,
385,7/12/2018,1013,1000,1010,1005,20872,897.9615479,
386,7/13/2018,1029,1015,1029,1018,16282,909.5768433,
387,7/16/2018,1023,1016,1016,1020,11317,911.3637695,
388,7/17/2018,1024,1014,1023,1020,13457,911.3637695,
389,7/18/2018,1034,1022,1029,1023,21638,914.0443726,
390,7/19/2018,1035,1022,1031,1030,11573,920.2987061,
391,7/20/2018,1054,1038,1040,1051,21077,939.0621948,
392,7/23/2018,1030,1019,1030,1026,13024,916.7249146,
393,7/24/2018,1031,1013,1018,1025,15833,915.8313599,
394,7/25/2018,1036,1023,1025,1029,19338,919.4052124,
395,7/26/2018,1052,1043,1050,1043,11413,931.9141846,
396,7/27/2018,1050,1037,1050,1044,16379,932.8077393,
397,7/30/2018,1043,1035,1035,1038,7564,927.4467163,
398,7/31/2018,1037,1027,1036,1028,22773,918.5118408,
399,8/1/2018,1043,1031,1035,1039,11015,928.340271,
400,8/2/2018,1020,1005,1015,1020,21678,911.3637695,
401,8/3/2018,1027,1013,1016,1027,15310,917.6182861,
402,8/6/2018,1027,1017,1023,1027,13700,917.6182861,
403,8/7/2018,1050,1033,1033,1043,13234,931.9141846,
404,8/8/2018,1049,1039,1049,1044,9131,932.8077393,
405,8/9/2018,1055,1045,1049,1050,9889,938.1686401,
406,8/10/2018,1012,998.5,1010,1001,25318,894.3875122,
407,8/13/2018,1005,982,982,1005,13275,897.9615479,
408,8/14/2018,1009,998,1004,1006,17920,898.8550415,
409,8/15/2018,995,977,993,987.5,33705,882.3252563,
410,8/16/2018,978,971.5,973,976,28144,872.0501099,
411,8/17/2018,982,966.5,978,972,13177,868.4761963,
412,8/20/2018,981.5,965.5,978,965.5,11886,862.6682739,
413,8/21/2018,1013,996.5,996.5,1010,16554,902.428894,
414,8/22/2018,1031,1024,1027,1029,14955,919.4052124,
415,8/23/2018,1026,1019,1023,1023,15198,914.0443726,
416,8/24/2018,1033,1020,1026,1029,19311,919.4052124,
417,8/28/2018,1057,1044,1050,1051,18622,939.0621948,
418,8/29/2018,1065,1049,1050,1059,14255,946.210144,
419,8/30/2018,1073,1066,1070,1066,15505,952.4645386,
420,8/31/2018,1084,1068,1082,1068,29602,954.2514038,
421,9/3/2018,1067,1057,1065,1060,11851,947.1037598,
422,9/4/2018,1068,1050,1068,1058,10853,945.3167114,
423,9/5/2018,1038,1026,1035,1026,19644,916.7249146,
424,9/6/2018,1029,1003,1024,1006,32356,898.8550415,
425,9/7/2018,1003,986.5,997,1003,15428,896.1744995,
426,9/10/2018,1010,999.5,1003,1002,10184,895.2809448,
427,9/11/2018,1003,988.5,998.5,993,14672,887.239502,
428,9/12/2018,989,972,987.5,984,27312,879.1980591,
429,9/13/2018,996,974.5,975,988.5,19166,883.21875,
430,9/14/2018,1025,1010,1025,1011,24702,903.3225098,
431,9/17/2018,1000,992,1000,998,12142,891.7070923,
432,9/18/2018,1017,1002,1008,1010,30810,902.428894,
433,9/19/2018,1030,1021,1028,1021,17115,912.2573853,
434,9/20/2018,1065,1046,1052,1056,29910,943.5296631,
435,9/21/2018,1062,1044,1062,1046,48053,934.5947876,
436,9/24/2018,1048,1036,1042,1048,12686,936.3816528,
437,9/25/2018,1052,1041,1047,1045,16202,933.7012329,
438,9/26/2018,1070,1051,1053,1065,21377,951.5709839,
439,9/27/2018,1072,1058,1064,1063,12508,956.8147583,
440,9/28/2018,1047,1036,1045,1047,13431,942.4130249,
441,10/1/2018,1047,1035,1045,1046,12877,941.5128784,
442,10/2/2018,1024,1003,1021,1017,31888,915.40979,
443,10/3/2018,1022,1012,1017,1013,9796,911.8093262,
444,10/4/2018,996,978,991.5,996,32109,896.5075684,
445,10/5/2018,996,983,990,987,18238,888.4067383,
446,10/8/2018,990,974,988,977.5,7754,879.8555298,
447,10/9/2018,986,973,980,980,31334,882.1057129,
448,10/10/2018,1000,970,995,970.5,25363,873.5547485,
449,10/11/2018,961.5,932,934,945,60119,850.6019897,
450,10/12/2018,979.5,969.5,975,970,21983,873.1047363,
451,10/15/2018,966.5,956.5,961,965.5,17509,869.0542603,
452,10/16/2018,976,962.5,966,971,15966,874.0048828,
453,10/17/2018,984.5,966.5,966.5,971,25231,874.0048828,
454,10/18/2018,977.5,962,970.5,967,16750,870.40448,
455,10/19/2018,977,964,968,964,10857,867.7040405,
456,10/22/2018,965.5,948,964.5,956.5,13649,860.9532471,
457,10/23/2018,946.5,926.5,940.5,946.5,26109,851.9521484,
458,10/24/2018,945.5,923,932,925,28710,832.5998535,
459,10/25/2018,911.5,894,901.5,910,21261,819.0981445,
460,10/26/2018,903.5,879.5,900,903.5,32547,813.2474976,
461,10/29/2018,923,901.5,906,901.5,16891,811.4473267,
462,10/30/2018,930,917,924.5,924,21507,831.6997681,
463,10/31/2018,943,926.5,933,933,11385,839.8007202,
464,11/1/2018,960,927.5,927.5,952.5,26034,857.3528442,
465,11/2/2018,1003,979,990,979,41374,881.2056885,
466,11/5/2018,978,967,974.5,974,19308,876.7051392,
467,11/6/2018,982.5,967.5,969,973,10518,875.8049927,
468,11/7/2018,997,977,977,990,30556,891.1068726,
469,11/8/2018,995,986.5,995,989.5,18740,890.6567993,
470,11/9/2018,984.5,961.5,984.5,966.5,22055,869.9543457,
471,11/12/2018,999.5,960.5,989,966,24444,869.5043945,
472,11/13/2018,994,977,977,994,19270,894.7073364,
473,11/14/2018,981,955.5,968.5,969,25786,872.2046509,
474,11/15/2018,995.5,977.5,977.5,990.5,18561,891.5569458,
475,11/16/2018,984.5,969,978.5,983.5,14698,885.2562866,
476,11/19/2018,976.5,963.5,968,966,13346,869.5043945,
477,11/20/2018,946.5,922.5,944,935.5,37822,842.0510254,
478,11/21/2018,941.5,924,928,933,16415,839.8007202,
479,11/22/2018,943,930.5,940,933,7252,839.8007202,
480,11/23/2018,939.5,931.5,937,939.5,4943,845.6514893,
481,11/26/2018,955,945,948,952.5,10914,857.3528442,
482,11/27/2018,957,948.5,948.5,957,7486,861.4033813,
483,11/28/2018,957.5,946,956.5,951.5,13540,856.4526978,
484,11/29/2018,969.5,951,960,954,15083,858.7030029,
485,11/30/2018,940.5,931,932,935,18445,841.6010132,
486,12/3/2018,978,964.5,968.5,970,23368,873.1047363,
487,12/4/2018,959.5,942.5,959.5,944,26091,849.7019043,
488,12/5/2018,938,925,930,938,13309,844.3013916,
489,12/6/2018,919.5,890,919.5,891,46238,801.9961548,
490,12/7/2018,926,909,912.5,910.5,18721,819.5483398,
491,12/10/2018,901.5,882,891,888,17881,799.2959595,
492,12/11/2018,906,888.5,895,896,11812,806.4966431,
493,12/12/2018,907,892.5,892.5,901,19444,810.9971924,
494,12/13/2018,899,889,899,895,25362,805.5966187,
495,12/14/2018,872,859.5,866,870,32593,783.0938721,
496,12/17/2018,868,860.5,860.5,861.5,20677,775.4430542,
497,12/18/2018,864,853,860,854,25466,768.6923218,
498,12/19/2018,866,853.5,864,862.5,25271,776.3431396,
499,12/20/2018,864,847.5,852,853.5,16147,768.2421265,
500,12/21/2018,862.5,847.5,858,851,44042,765.9919434,
501,12/24/2018,859,840,840,852,4024,766.8920288,
502,12/27/2018,858.5,849.5,852,857,11406,771.3926392,
503,12/28/2018,878.5,862,863.5,871,6102,791.1644897,
504,12/31/2018,872.5,861,870.5,867,3343,787.5311279,
505,1/2/2019,882,852,860,876,10930,795.7061768,
506,1/3/2019,843,832,839,842,20639,764.8226318,
507,1/4/2019,861.5,835.5,835.5,853.5,15405,775.2684937,
508,1/7/2019,872.5,858.5,866,866.5,20873,787.0769653,
509,1/8/2019,855,834.5,850,837,54749,760.2809448,
510,1/9/2019,892,872.5,877,885,44202,803.8812866,
511,1/10/2019,894,883.5,886,890,15102,808.4230347,
512,1/11/2019,907,902,902.5,905,9804,822.0480347,
513,1/14/2019,898,889,892,897.5,9761,815.2354126,
514,1/15/2019,915,902.5,912,904.5,15069,821.5938721,
515,1/16/2019,928,916.5,920,922,16040,837.4898682,
516,1/17/2019,935,926.5,927,931.5,14312,846.1190796,
517,1/18/2019,958.5,939,942,950,15475,862.9234009,
518,1/21/2019,950,940,950,949,7513,862.0150757,
519,1/22/2019,933,926.5,930,928,24387,842.9398193,
520,1/23/2019,940,925,927.5,931,13658,845.664917,
521,1/24/2019,974.5,950,950,971,27687,881.9985962,
522,1/25/2019,1004,990.5,992.5,994.5,21369,903.3444824,
523,1/28/2019,1007,986.5,1005,986.5,22574,896.0777588,
524,1/29/2019,1015,1000,1013,1004,20906,911.9736938,
525,1/30/2019,1035,1015,1034,1018,31866,924.6905518,
526,1/31/2019,1035,1023,1035,1029,30682,934.6821899,
527,2/1/2019,1038,1026,1035,1029,19287,934.6821899,
528,2/4/2019,1030,1012,1028,1023,22461,929.2322388,
529,2/5/2019,1043,1026,1026,1039,10860,943.765686,
530,2/6/2019,1052,1037,1037,1043,18003,947.3989868,
531,2/7/2019,1022,1008,1022,1014,13411,921.057251,
532,2/8/2019,996.5,980.5,995,986.5,16501,896.0777588,
533,2/11/2019,999,992,993,995,20094,903.7987061,
534,2/12/2019,1030,1015,1019,1027,11753,932.8654785,
535,2/13/2019,1028,1018,1028,1018,10758,924.6905518,
536,2/14/2019,1050,1028,1046,1029,21627,934.6821899,
537,2/15/2019,1029,1012,1018,1024,17472,930.1405029,
538,2/18/2019,1026,1021,1026,1022,6408,928.3238525,
539,2/19/2019,1032,1011,1020,1030,19356,935.5905762,
540,2/20/2019,1050,1034,1038,1045,11032,949.2156982,
541,2/21/2019,1045,1031,1044,1040,10275,944.6740112,
542,2/22/2019,1053,1045,1049,1047,15220,951.0322876,
543,2/25/2019,1063,1055,1058,1058,11461,961.024231,
544,2/26/2019,1050,1037,1045,1050,10026,953.7573853,
545,2/27/2019,1048,1031,1040,1033,11052,938.3156128,
546,2/28/2019,1005,994.5,1005,997.5,22153,906.069458,
547,3/1/2019,1011,994.5,998.5,999.5,14507,907.8861694,
548,3/4/2019,1001,987,992,993,15740,901.9819946,
549,3/5/2019,986,978,978,986,12112,895.6235962,
550,3/6/2019,980,971.5,978,978.5,12304,888.8110962,
551,3/7/2019,985,964.5,985,968,17836,879.2734375,
552,3/8/2019,960,948,957.5,960,13713,872.0068359,
553,3/11/2019,971.5,957.5,960,971.5,7500,882.4525757,
554,3/12/2019,988,979,988,986,12581,895.6235962,
555,3/13/2019,976.5,962.5,962.5,968,15130,879.2734375,
556,3/14/2019,969.5,959.5,969,964.5,14864,876.0943604,
557,3/15/2019,971.5,947.5,966,947.5,101124,860.6525269,
558,3/18/2019,965,956,962,959.5,15811,871.5526123,
559,3/19/2019,974.5,965.5,969,969,11360,880.1818848,
560,3/20/2019,974.5,957.5,966,959,19104,871.0983887,
561,3/21/2019,1017,1005,1006,1011,18011,918.3321533,
562,3/22/2019,1011,1011,1011,1011,0,918.3321533,
563,3/25/2019,1007,997,997,999,10138,907.4320679,
564,3/26/2019,994.5,987,993.5,987,17298,896.5319824,
565,3/27/2019,996,980.5,991.5,982,12067,891.9902954,
566,3/28/2019,987.5,980,980,983,6779,899.6833496,
567,3/29/2019,981.5,972,980,981,14772,897.8529053,
568,4/1/2019,995.5,985.5,986,988,10214,904.2595825,
569,4/2/2019,1006,997.5,999,997.5,5844,912.9545288,
570,4/3/2019,1035,1020,1020,1033,13540,945.4455566,
571,4/4/2019,1036,1026,1030,1035,8093,947.2758789,
572,4/5/2019,1038,1022,1026,1035,9540,947.2758789,
573,4/8/2019,1023,1012,1021,1023,8164,936.2930908,
574,4/9/2019,1024,1015,1015,1021,19948,934.4626465,
575,4/10/2019,1024,1018,1020,1020,6828,933.5473633,
576,4/11/2019,1015,1004,1014,1004,12582,918.9034424,
577,4/12/2019,1045,1019,1022,1038,20233,950.0217896,
578,4/15/2019,1043,1036,1039,1039,10054,950.9369507,
579,4/16/2019,1045,1038,1038,1042,5328,953.6826782,
580,4/17/2019,1046,1034,1034,1034,12098,946.3607178,
581,4/18/2019,1008,997.5,1007,1008,14001,922.5644531,
582,4/23/2019,995,982,995,987.5,14606,903.8018799,
583,4/24/2019,975,960,974,969,11194,886.8699951,
584,4/25/2019,962,942.5,962,959.5,14554,878.1752319,
585,4/26/2019,972,962.5,962.5,972,10725,889.6157227,
586,4/29/2019,995.5,985,985,992.5,11939,908.3782959,
587,4/30/2019,986,976.5,979,986,14091,902.4290771,
588,5/1/2019,994.5,989,989,991,3215,907.0053711,
589,5/2/2019,989.5,984,985,985.5,6180,901.9714966,
590,5/3/2019,985,965.5,972,981,8543,897.8529053,
591,5/7/2019,961.5,937,957.5,942,25266,862.1585083,
592,5/8/2019,944,927,940,936,15459,856.6669312,
593,5/9/2019,905.5,893,901,897.5,30796,821.4300537,
594,5/10/2019,913,892.5,900,901.5,19953,825.0910645,
595,5/13/2019,898.5,870,895,878.5,25496,804.0404053,
596,5/14/2019,915,890.5,892.5,900,15737,823.7183228,
597,5/15/2019,898,878.5,894,891.5,16120,815.9387817,
598,5/16/2019,889,873,874,887.5,16607,812.27771,
599,5/17/2019,871.5,855,867,870.5,25745,796.7185059,
600,5/20/2019,884.5,873,882,879,18349,804.4981079,
601,5/21/2019,918,898,907.5,916,45674,838.3621216,
602,5/22/2019,920,912,915,919.5,12633,841.5656128,
603,5/23/2019,917,908.5,915.5,914,22732,836.5316162,
604,5/24/2019,904,890.5,904,891.5,15587,815.9387817,
605,5/28/2019,896.5,876.5,895,876.5,27578,802.210083,
606,5/29/2019,874,864,871.5,872,15493,798.0915527,
607,5/30/2019,903,888,888.5,895,11443,819.1420898,
608,5/31/2019,900,890.5,894.5,896.5,16243,820.5148926,
609,6/3/2019,925,918.5,921,921,19267,842.9382935,
610,6/4/2019,925.5,910,920.5,925.5,9737,847.0569458,
611,6/5/2019,940,927,930.5,929,13337,850.2603149,
612,6/6/2019,933.5,923.5,928.5,930.5,9593,851.6330566,
613,6/7/2019,943.5,924.5,931,938,10297,858.4974976,
614,6/10/2019,949.5,939.5,939.5,948,8477,867.6499023,
615,6/11/2019,956,944.5,945,956,9904,874.9718018,
616,6/12/2019,943,936.5,943,942,5001,862.1585083,
617,6/13/2019,932.5,919.5,919.5,926,13452,847.5145264,
618,6/14/2019,929,919,924.5,925,14402,846.5993042,
619,6/17/2019,924.5,917,919.5,918,6206,840.192627,
620,6/18/2019,957.5,929.5,930.5,951.5,18212,870.8532104,
621,6/19/2019,963,955,963,959,10854,877.7175903,
622,6/20/2019,983,972.5,978,975,19636,892.3613892,
623,6/21/2019,980.5,968,978.5,975,15390,892.3613892,
624,6/24/2019,980,969.5,976,972.5,14863,890.0733032,
625,6/25/2019,982.5,972.5,975,980,17092,896.9376221,
626,6/26/2019,988.5,976.5,980.5,984,10566,900.5986938,
627,6/27/2019,1006,996.5,998.5,1006,18055,927.6022339,
628,6/28/2019,1025,1010,1011,1017,20392,937.7450562,
629,7/1/2019,1010,996,1003,997,15206,919.3035278,
630,7/2/2019,997.5,990,992.5,995,11959,917.4595947,
631,7/3/2019,976.5,965,965,970,13939,894.4078369,
632,7/4/2019,987.5,979,980.5,984.5,5017,907.777771,
633,7/5/2019,974.5,965.5,973,969.5,14784,893.9467163,
634,7/8/2019,944.5,935,941.5,936,20238,863.057312,
635,7/9/2019,949,936.5,949,946.5,32461,872.7391357,
636,7/10/2019,978,958,959,969.5,18541,893.9467163,
637,7/11/2019,987,976,980.5,981.5,25947,905.0115967,
638,7/12/2019,981.5,975,977.5,975,7166,899.0180664,
639,7/15/2019,986,978.5,981.5,978.5,9311,902.2454224,
640,7/16/2019,989.5,982,988,983.5,17773,906.8557129,
641,7/17/2019,977.5,964.5,975,968,13243,892.5635376,
642,7/18/2019,975.5,968.5,970.5,975.5,18129,899.479187,
643,7/19/2019,999,990,990,996.5,16394,918.8425903,
644,7/22/2019,1006,996.5,996.5,1005,5981,926.6803589,
645,7/23/2019,1009,1003,1004,1007,10788,928.524292,
646,7/24/2019,994,981,981,989.5,17187,912.3881226,
647,7/25/2019,1004,990,1000,990,11090,912.8491821,
648,7/26/2019,995,988.5,989.5,990,11275,912.8491821,
649,7/29/2019,979,972.5,979,974,11319,898.0961914,
650,7/30/2019,984,978.5,979.5,980,12139,903.6283569,
651,7/31/2019,968,962.5,968,966,13083,890.7194824,
652,8/1/2019,964.5,951.5,956,963,13373,887.953186,
653,8/2/2019,940,917.5,940,926,23452,853.836731,
654,8/5/2019,905,883,898.5,890,23696,820.6420898,
655,8/6/2019,912,891,891,903.5,27037,833.09021,
656,8/7/2019,900.5,880,890,890.5,20534,821.1032104,
657,8/8/2019,899,885.5,888.5,898,21410,828.0186768,
658,8/9/2019,900,888.5,894,888.5,12000,819.2590332,
659,8/12/2019,900.5,886,893.5,886,8625,816.9539185,
660,8/13/2019,906,868.5,877,902,16582,831.7069092,
661,8/14/2019,903.5,884.5,899,890,13397,820.6420898,
662,8/15/2019,892.5,876.5,885.5,885,15437,816.0318604,
663,8/16/2019,908.5,897,901,904,19056,833.5512695,
664,8/19/2019,909.5,899,899,908,11464,837.2393799,
665,8/20/2019,928,916.5,916.5,920,12505,848.3042603,
666,8/21/2019,930,922,922.5,924.5,7718,852.4535522,
667,8/22/2019,915.5,898,910.5,901,8939,830.7849121,
668,8/23/2019,908.5,890.5,905,893.5,6594,823.8693848,
669,8/27/2019,909.5,889,889,902,20049,831.7069092,
670,8/28/2019,906.5,899.5,904,905,15875,834.4732056,
671,8/29/2019,902,886,886,897,11569,827.0965576,
672,8/30/2019,915,902,907.5,914,25430,842.7718506,
673,9/2/2019,908.5,905,905.5,907,6453,836.3173218,
674,9/3/2019,900.5,887.5,892,895,25316,825.2525635,
675,9/4/2019,922.5,911.5,915,922,22906,850.1484985,
676,9/5/2019,960,946,946,953.5,12227,879.1936646,
677,9/6/2019,973,965,965,971,12609,895.3297119,
678,9/9/2019,986,977,979,985.5,15954,908.6998291,
679,9/10/2019,987,978,985,984.5,8651,907.777771,
680,9/11/2019,991.5,980.5,990,991,12486,913.7712402,
681,9/12/2019,1018,997.5,998,1013,19121,934.0567017,
682,9/13/2019,1018,1007,1010,1015,8000,935.9008789,
683,9/16/2019,999.5,990,997.5,998,9645,920.225708,
684,9/17/2019,995,986.5,987,994,14314,916.5374146,
685,9/18/2019,1006,997.5,1000,1002,17349,923.9140625,
686,9/19/2019,1030,1021,1021,1030,20721,949.7319336,
687,9/20/2019,1041,1030,1032,1030,23483,949.7319336,
688,9/23/2019,1032,1022,1030,1028,12660,947.8878174,
689,9/24/2019,1040,1029,1033,1033,18142,952.4981689,
690,9/25/2019,1019,1010,1016,1019,10473,939.5892334,
691,9/26/2019,1027,1022,1022,1026,11497,946.0437622,
692,9/27/2019,1015,1006,1006,1006,10602,934.479187,
693,9/30/2019,1023,1013,1022,1018,6189,945.6260376,
694,10/1/2019,1020,1010,1020,1010,9558,938.1947632,
695,10/2/2019,998,975,998,975,9597,905.6829834,
696,10/3/2019,996.5,982,982.5,992,7721,921.4744873,
697,10/4/2019,1009,997,1001,1008,8634,936.3370361,
698,10/7/2019,1009,996.5,999,1002,5372,930.7636108,
699,10/8/2019,1024,1001,1024,1007,15858,935.4080811,
700,10/9/2019,1016,1001,1002,1015,8667,942.8392334,
701,10/10/2019,1030,1011,1014,1029,11124,955.8440552,
702,10/11/2019,1060,1030,1031,1058,11481,982.7822876,
703,10/14/2019,1057,1036,1048,1048,7549,973.4932251,
704,10/15/2019,1058,1048,1053,1055,14005,979.9954834,
705,10/16/2019,1064,1055,1060,1060,8622,984.6400757,
706,10/17/2019,1074,1057,1057,1067,18842,991.1424561,
707,10/18/2019,1060,1050,1057,1060,3885,984.6400757,
708,10/21/2019,1077,1069,1076,1076,5083,999.5026855,
709,10/22/2019,1094,1083,1088,1085,13898,1007.862854,
710,10/23/2019,1088,1079,1085,1084,13169,1006.93396,
711,10/24/2019,1089,1077,1084,1087,12977,1009.720642,
712,10/25/2019,1092,1077,1086,1092,12704,1014.365051,
713,10/28/2019,1108,1079,1099,1107,18650,1028.298706,
714,10/29/2019,1095,1083,1094,1091,9129,1013.436218,
715,10/30/2019,1083,1065,1076,1066,12652,990.213623,
716,10/31/2019,1080,1065,1077,1068,13003,992.071167,
717,11/1/2019,1101,1089,1092,1096,11119,1018.080627,
718,11/4/2019,1125,1116,1119,1118,22344,1038.516602,
719,11/5/2019,1136,1127,1130,1133,13406,1052.450317,
720,11/6/2019,1148,1135,1143,1141,16849,1059.88147,
721,11/7/2019,1144,1133,1144,1139,18325,1058.02356,
722,11/8/2019,1123,1110,1120,1115,11952,1035.729858,
723,11/11/2019,1109,1095,1100,1100,16303,1021.796204,
724,11/12/2019,1130,1117,1125,1121,20344,1041.303223,
725,11/13/2019,1124,1114,1116,1119,8197,1039.445801,
726,11/14/2019,1128,1119,1120,1124,7780,1044.089966,
727,11/15/2019,1154,1143,1146,1152,25032,1070.099365,
728,11/18/2019,1152,1141,1143,1141,14287,1059.88147,
729,11/19/2019,1153,1139,1144,1143,20495,1061.73938,
730,11/20/2019,1117,1106,1113,1112,15924,1032.943115,
731,11/21/2019,1086,1073,1086,1078,15479,1001.360352,
732,11/22/2019,1096,1084,1090,1086,13857,1008.791626,
733,11/25/2019,1112,1097,1099,1112,13748,1032.943115,
734,11/26/2019,1104,1095,1102,1095,13522,1017.151917,
735,11/27/2019,1104,1097,1101,1101,11415,1022.72522,
736,11/28/2019,1095,1084,1084,1090,5193,1012.507263,
737,11/29/2019,1074,1064,1071,1068,10764,992.071167,
738,12/2/2019,1067,1050,1063,1055,7229,979.9954834,
739,12/3/2019,1057,1033,1053,1038,12322,964.2042236,
740,12/4/2019,1052,1029,1029,1052,18554,977.2089233,
741,12/5/2019,1052,1040,1047,1046,20526,971.635498,
742,12/6/2019,1074,1057,1064,1069,11848,993.0003662,
743,12/9/2019,1079,1068,1079,1077,10898,1000.431458,
744,12/10/2019,1085,1071,1077,1080,10465,1003.218384,
745,12/11/2019,1098,1085,1089,1098,8852,1019.938538,
746,12/12/2019,1154,1119,1125,1149,28483,1067.312622,
747,12/13/2019,1169,1143,1166,1143,18996,1061.73938,
748,12/16/2019,1172,1156,1160,1166,14145,1083.104126,
749,12/17/2019,1208,1183,1200,1197,59546,1111.900146,
750,12/18/2019,1205,1194,1200,1198,20021,1112.829102,
751,12/19/2019,1201,1187,1189,1196,10249,1110.971191,
752,12/20/2019,1209,1199,1200,1203,14709,1117.473755,
753,12/23/2019,1202,1186,1199,1193,9894,1108.184692,
754,12/24/2019,1182,1174,1180,1179,2709,1095.179932,
755,12/27/2019,1226,1212,1213,1217,10264,1130.478394,
756,12/30/2019,1210,1193,1207,1200,5464,1121.370728,
757,12/31/2019,1200,1190,1190,1193,1113,1114.829468,
758,1/2/2020,1202,1190,1195,1200,6930,1121.370728,
759,1/3/2020,1193,1176,1188,1193,11395,1114.829468,
760,1/6/2020,1189,1175,1189,1189,4634,1111.091553,
761,1/7/2020,1205,1195,1196,1205,8823,1126.043213,
762,1/8/2020,1232,1210,1212,1225,14562,1144.73291,
763,1/9/2020,1267,1253,1253,1264,20859,1181.177124,
764,1/10/2020,1280,1272,1273,1277,12829,1193.325684,
765,1/13/2020,1294,1274,1290,1290,22883,1205.473755,
766,1/14/2020,1295,1278,1295,1288,20045,1203.604736,
767,1/15/2020,1270,1252,1262,1264,30636,1181.177124,
768,1/16/2020,1307,1294,1297,1302,25789,1216.687378,
769,1/17/2020,1327,1313,1313,1316,27564,1229.769897,
770,1/20/2020,1345,1338,1339,1339,8046,1251.263062,
771,1/21/2020,1318,1303,1312,1317,14424,1230.704346,
772,1/22/2020,1337,1324,1336,1328,17093,1240.983643,
773,1/23/2020,1306,1290,1298,1291,12698,1206.408081,
774,1/24/2020,1308,1292,1295,1294,9687,1209.211548,
775,1/27/2020,1274,1222,1274,1246,27831,1164.356567,
776,1/28/2020,1254,1238,1244,1254,12863,1171.83252,
777,1/29/2020,1259,1245,1249,1254,6992,1171.83252,
778,1/30/2020,1210,1189,1200,1203,22363,1124.174194,
779,1/31/2020,1194,1169,1192,1172,26743,1095.205444,
780,2/3/2020,1210,1190,1190,1204,21620,1125.108765,
781,2/4/2020,1258,1240,1240,1254,20517,1171.83252,
782,2/5/2020,1281,1254,1262,1267,13743,1183.980591,
783,2/6/2020,1294,1282,1293,1287,14483,1202.670288,
784,2/7/2020,1269,1246,1267,1253,17633,1170.898071,
785,2/10/2020,1257,1247,1250,1253,7285,1170.898071,
786,2/11/2020,1276,1262,1262,1271,5787,1187.718506,
787,2/12/2020,1291,1247,1290,1291,12146,1206.408081,
788,2/13/2020,1284,1268,1284,1283,8162,1198.932495,
789,2/14/2020,1311,1297,1297,1301,8598,1215.753052,
790,2/17/2020,1309,1290,1298,1302,8170,1216.687378,
791,2/18/2020,1262,1241,1258,1254,24014,1171.83252,
792,2/19/2020,1279,1265,1274,1274,15800,1190.521973,
793,2/20/2020,1254,1221,1250,1221,17932,1140.994873,
794,2/21/2020,1219,1205,1211,1219,19489,1139.125732,
795,2/24/2020,1167,1141,1157,1159,40289,1083.057495,
796,2/25/2020,1200,1161,1185,1166,25623,1089.598755,
797,2/26/2020,1172,1136,1154,1165,22942,1088.664185,
798,2/27/2020,1160,1132,1153,1141,32068,1066.236694,
799,2/28/2020,1132,1100,1100,1116,36048,1042.874878,
800,3/2/2020,1166,1131,1155,1152,28747,1076.515991,
801,3/3/2020,1187,1155,1166,1165,22920,1088.664185,
802,3/4/2020,1215,1195,1200,1201,28189,1122.305176,
803,3/5/2020,1218,1185,1212,1195,18865,1116.698364,
804,3/6/2020,1185,1145,1174,1160,31047,1083.991821,
805,3/9/2020,1110,974.5,1100,1097,46110,1025.119873,
806,3/10/2020,1148,1123,1131,1124,46994,1050.350464,
807,3/11/2020,1101,1079,1084,1094,26776,1022.316467,
808,3/12/2020,1046,960,1045,971,78346,907.3757935,
809,3/13/2020,1073,1029,1039,1045,48616,976.5269775,
810,3/16/2020,990.5,918,979,959.5,44658,896.6293945,
811,3/17/2020,956,901.5,952,946.5,71295,884.4811401,
812,3/18/2020,907.5,871.5,900,890,35602,831.6832275,
813,3/19/2020,880,832,855,870,49261,812.9939575,
814,3/20/2020,933,870,919,870,42398,812.9939575,
815,3/23/2020,877,826.5,828.5,851,37996,795.2388306,
816,3/24/2020,968.5,930.5,934,968.5,30119,905.0396729,
817,3/25/2020,1010,969.5,997,1003,25391,937.2790527,
818,3/26/2020,1028,963,970,1017,26616,950.3617554,
819,3/27/2020,993.5,946.5,985.5,952,40511,889.6207886,
820,3/30/2020,990,946,975.5,980,28606,922.7836914,
821,3/31/2020,996,951.5,982,993,27286,935.0247803,
822,4/1/2020,946,918,944.5,925,27562,870.9949341,
823,4/2/2020,965,931.5,957,958,17016,902.0681763,
824,4/3/2020,969,946,958,947.5,13590,892.1811523,
825,4/6/2020,998,980,984,993,21430,935.0247803,
826,4/7/2020,1058,1015,1019,1038,27801,977.3974609,
827,4/8/2020,1032,1000,1002,1027,20537,967.0397339,
828,4/9/2020,1028,1006,1015,1018,26972,958.5652466,
829,4/14/2020,1032,1013,1018,1026,31433,966.0981445,
830,4/15/2020,1031,981.5,1029,996.5,36930,938.3204346,
831,4/16/2020,1013,999,1005,1011,27086,951.973877,
832,4/17/2020,1063,1048,1049,1050,26986,988.6967773,
833,4/20/2020,1035,1022,1027,1027,20614,967.0397339,
834,4/21/2020,1010,975,1005,978,30339,920.9005127,
835,4/22/2020,1022,1006,1006,1014,17125,954.7987061,
836,4/23/2020,1025,1006,1008,1018,13575,958.5652466,
837,4/24/2020,1011,998,999,1005,14355,946.3240967,
838,4/27/2020,1025,1013,1016,1025,13685,965.1564941,
839,4/28/2020,1038,1012,1015,1025,15181,965.1564941,
840,4/29/2020,1043,1019,1023,1040,29064,979.2805176,
841,4/30/2020,1066,1040,1046,1043,38715,982.1055908,
842,5/1/2020,1010,997.5,1010,1003,6726,944.4408569,
843,5/4/2020,994,980.5,985,983.5,20139,926.0794067,
844,5/5/2020,1007,993.5,1003,1006,25836,947.2658081,
845,5/6/2020,1012,987,1011,992,26576,934.0831909,
846,5/7/2020,1005,990,992,999.5,23082,941.1452637,
847,5/11/2020,997.5,977.5,992,988.5,27811,930.7874756,
848,5/12/2020,987,975.5,982,981.5,11917,924.196167,
849,5/13/2020,1001,982,986,990.5,30371,932.6707764,
850,5/14/2020,982,962.5,978.5,977.5,19962,920.4296875,
851,5/15/2020,979,963,974,969,17441,912.4260254,
852,5/18/2020,1017,987.5,990.5,1012,16360,952.9154663,
853,5/19/2020,1038,1025,1031,1031,32163,970.8062134,
854,5/20/2020,1047,1017,1021,1046,34015,984.9304199,
855,5/21/2020,1023,1009,1023,1012,22796,952.9154663,
856,5/22/2020,992,982.5,988,986.5,24702,928.9042969,
857,5/26/2020,1007,995.5,999.5,996.5,30207,938.3204346,
858,5/27/2020,1015,1002,1011,1013,47271,953.8570557,
859,5/28/2020,1026,1015,1018,1020,26505,960.4484863,
860,5/29/2020,1029,1018,1020,1025,34073,965.1564941,
861,6/1/2020,1049,1038,1048,1043,8552,982.1055908,
862,6/2/2020,1071,1051,1055,1064,27383,1001.879517,
863,6/3/2020,1142,1110,1118,1131,36815,1064.967896,
864,6/4/2020,1128,1116,1127,1128,26249,1062.142944,
865,6/5/2020,1174,1148,1150,1171,31004,1102.632446,
866,6/8/2020,1152,1135,1142,1150,21226,1082.858398,
867,6/9/2020,1157,1138,1155,1148,13538,1080.97522,
868,6/10/2020,1167,1151,1162,1155,22043,1087.56665,
869,6/11/2020,1134,1111,1132,1114,21029,1048.960327,
870,6/12/2020,1107,1078,1086,1091,28968,1027.303223,
871,6/15/2020,1116,1035,1050,1043,40596,982.1055908,
872,6/16/2020,1084,1057,1073,1072,32880,1009.412292,
873,6/17/2020,1084,1069,1069,1077,18913,1014.120483,
874,6/18/2020,1095,1078,1083,1088,23058,1024.478271,
875,6/19/2020,1099,1091,1094,1094,24236,1030.128052,
876,6/22/2020,1083,1074,1076,1082,11312,1018.828552,
877,6/23/2020,1090,1070,1072,1077,38091,1014.120483,
878,6/24/2020,1109,1076,1109,1080,14573,1016.945496,
879,6/25/2020,1092,1074,1080,1080,25566,1016.945496,
880,6/26/2020,1114,1095,1105,1096,18166,1032.011108,
881,6/29/2020,1099,1086,1092,1090,19389,1033.403198,
882,6/30/2020,1107,1096,1098,1103,17402,1045.728149,
883,7/1/2020,1108,1086,1098,1104,31262,1046.67627,
884,7/2/2020,1120,1100,1103,1110,22723,1052.364746,
885,7/3/2020,1117,1109,1114,1111,2500,1053.312988,
886,7/6/2020,1156,1137,1146,1153,41765,1093.131958,
887,7/7/2020,1131,1111,1114,1128,25730,1069.430054,
888,7/8/2020,1116,1105,1111,1113,16626,1055.208984,
889,7/9/2020,1119,1097,1111,1099,26349,1041.935791,
890,7/10/2020,1101,1090,1091,1098,17706,1040.987671,
891,7/13/2020,1123,1110,1115,1122,14841,1063.741699,
892,7/14/2020,1119,1105,1112,1118,19011,1059.949219,
893,7/15/2020,1149,1131,1140,1137,18523,1077.962891,
894,7/16/2020,1129,1115,1120,1125,16283,1066.585815,
895,7/17/2020,1147,1132,1132,1138,27526,1078.910767,
896,7/20/2020,1143,1129,1132,1136,14150,1077.014771,
897,7/21/2020,1164,1149,1153,1162,22926,1101.664673,
898,7/22/2020,1153,1138,1153,1142,14934,1082.703247,
899,7/23/2020,1138,1125.709961,1137,1133,21585,1074.170654,
900,7/24/2020,1137,1121,1128,1136,17558,1077.014771,
901,7/27/2020,1179,1158,1159,1171,20048,1110.197388,
902,7/28/2020,1224,1210,1212,1221,34380,1157.601074,
903,7/29/2020,1244,1233,1238,1237,31563,1172.770264,
904,7/30/2020,1239,1215,1239,1220,14140,1156.65332,
905,7/31/2020,1222,1202,1220,1206,15559,1143.380005,
906,8/3/2020,1200,1187,1197,1198,17039,1135.795532,
907,8/4/2020,1206,1197,1204,1205,24112,1142.431885,
908,8/5/2020,1214,1199,1200,1212,15492,1149.068604,
909,8/6/2020,1232,1220,1230,1222,18938,1158.549194,
910,8/7/2020,1225,1215,1218,1221,35419,1157.601074,
911,8/10/2020,1232,1220,1223,1220,17354,1156.65332,
912,8/11/2020,1239,1220,1225,1237,34110,1172.770264,
913,8/12/2020,1261,1240,1240,1261,23401,1195.524292,
914,8/13/2020,1245,1236,1245,1237,21555,1172.770264,
915,8/14/2020,1229,1210,1229,1220,18205,1156.65332,
916,8/17/2020,1241,1223,1224,1235,17459,1170.874023,
917,8/18/2020,1242,1229,1236,1233,13298,1168.978149,
918,8/19/2020,1228,1219,1228,1227,10979,1163.289673,
919,8/20/2020,1180,1164,1174,1179,25125,1117.78186,
920,8/21/2020,1184,1169,1182,1178,20436,1116.833862,
921,8/24/2020,1194,1170,1176,1187,14251,1125.366699,
922,8/25/2020,1198,1191,1196,1195,16248,1132.951172,
923,8/26/2020,1195,1186,1189,1193,14287,1131.055176,
924,8/27/2020,1188,1175,1180,1178,24800,1116.833862,
925,8/28/2020,1179,1171,1178,1177,18221,1115.885742,
926,9/1/2020,1158,1145,1152,1153,55510,1093.131958,
927,9/2/2020,1157,1146,1150,1149,34871,1089.339722,
928,9/3/2020,1197,1169,1190,1172,53099,1111.145508,
929,9/4/2020,1181,1151,1160,1158,32882,1097.872314,
930,9/7/2020,1198,1181,1184,1194,16178,1132.003174,
931,9/8/2020,1239,1215,1234,1222,33899,1158.549194,
932,9/9/2020,1247,1229,1232,1240,30048,1175.614502,
933,9/10/2020,1252,1241,1250,1242,17406,1177.510864,
934,9/11/2020,1251,1239,1240,1244,12846,1179.40686,
935,9/14/2020,1286,1272,1276,1281,20749,1214.48584,
936,9/15/2020,1300,1289,1290,1300,20719,1232.499146,
937,9/16/2020,1308,1295,1299,1308,17417,1240.08374,
938,9/17/2020,1283,1268,1275,1281,25899,1214.48584,
939,9/18/2020,1284,1267,1280,1267,23543,1201.212769,
940,9/21/2020,1280,1248,1278,1253,15794,1187.939697,
941,9/22/2020,1261,1228,1247,1244,18431,1179.40686,
942,9/23/2020,1267,1252,1257,1257,16291,1191.731934,
943,9/24/2020,1240,1222,1235,1237,14625,1172.770264,
944,9/25/2020,1243,1229,1230,1237,39423,1172.770264,
945,9/28/2020,1266,1246,1247,1258,24806,1192.680176,
946,9/29/2020,1260,1242,1249,1254,17627,1196.47998,
947,9/30/2020,1270,1244,1248,1267,30540,1208.883667,
948,10/1/2020,1283,1272,1278,1276,12308,1217.470703,
949,10/2/2020,1273,1258,1260,1272,10773,1213.654297,
950,10/5/2020,1287,1265,1268,1282,19597,1223.195557,
951,10/6/2020,1283,1270,1277,1278,15255,1219.379028,
952,10/7/2020,1303,1288,1288,1298,21645,1238.461548,
953,10/8/2020,1304,1291,1301,1300,39248,1240.369751,
954,10/9/2020,1321,1304,1304,1318,23752,1257.544189,
955,10/12/2020,1333,1318,1321,1328,24379,1267.085571,
956,10/13/2020,1337,1326,1330,1330,16904,1268.993774,
957,10/14/2020,1335,1326,1332,1331,17815,1269.947754,
958,10/15/2020,1321,1296,1320,1300,25189,1240.369751,
959,10/16/2020,1307,1296,1298,1302,14112,1242.278198,
960,10/19/2020,1318,1305,1305,1314,11970,1253.727783,
961,10/20/2020,1342,1331,1342,1337,12518,1275.672729,
962,10/21/2020,1350,1337,1350,1345,14397,1283.305786,
963,10/22/2020,1333,1318,1325,1327,12752,1266.131348,
964,10/23/2020,1347,1328,1329,1341,24465,1279.489258,
965,10/26/2020,1346,1328,1333,1329,14659,1268.039673,
966,10/27/2020,1332,1320,1323,1330,25304,1268.993774,
967,10/28/2020,1303,1267,1302,1282,39042,1223.195557,
968,10/29/2020,1282,1265,1280,1279,21198,1220.333008,
969,10/30/2020,1268,1248,1257,1263,23888,1205.067017,
970,11/2/2020,1281,1260,1260,1270,17039,1211.74585,
971,11/3/2020,1308,1296,1296,1308,11294,1248.002808,
972,11/4/2020,1314,1276,1280,1310,22469,1249.911255,
973,11/5/2020,1360,1331,1334,1352,32293,1289.984619,
974,11/6/2020,1350,1336,1347,1346,21717,1284.259888,
975,11/9/2020,1379,1346,1348,1366,32649,1303.342407,
976,11/10/2020,1360,1345,1346,1355,23446,1292.847046,
977,11/11/2020,1386,1372,1376,1385,21755,1321.471069,
978,11/12/2020,1390,1373,1376,1382,34162,1318.608521,
979,11/13/2020,1428,1413,1413,1424,21333,1358.682007,
980,11/16/2020,1503,1486,1499,1499,35181,1430.241699,
981,11/17/2020,1493,1478,1493,1483,27878,1414.975708,
982,11/18/2020,1475,1460,1463,1469,18498,1401.618042,
983,11/19/2020,1455,1438,1453,1452,18300,1385.397583,
984,11/20/2020,1459,1450,1454,1450,16954,1383.489502,
985,11/23/2020,1522,1510,1516,1514,19275,1444.553711,
986,11/24/2020,1534,1522,1523,1525,19216,1455.049316,
987,11/25/2020,1515,1495,1500,1513,17834,1443.599609,
988,11/26/2020,1553,1538,1538,1550,23119,1478.902588,
989,11/27/2020,1556,1541,1552,1554,10428,1482.718994,
990,11/30/2020,1524,1511,1514,1514,20158,1444.553711,
991,12/1/2020,1544,1530,1535,1544,15178,1473.177734,
992,12/2/2020,1589,1570,1571,1586,26709,1513.251221,
993,12/3/2020,1604,1588,1599,1595,25972,1521.838379,
994,12/4/2020,1663,1636,1641,1661,49123,1584.811157,
995,12/7/2020,1689,1663,1685,1685,13148,1607.710083,
996,12/8/2020,1656,1644,1655,1653,13435,1577.177856,
997,12/9/2020,1707,1686,1700,1691,24708,1613.434814,
998,12/10/2020,1692,1671,1676,1688,19784,1610.57251,
999,12/11/2020,1685,1667,1681,1670,10536,1593.398193,
1000,12/14/2020,1692,1677,1691,1686,21792,1608.664307,
1001,12/15/2020,1695,1684,1689,1695,19304,1617.251343,
1002,12/16/2020,1695,1682,1690,1690,15920,1612.480713,
1003,12/17/2020,1690,1678,1690,1678,18630,1601.031128,
1004,12/18/2020,1671,1639,1668,1646,44337,1570.499268,
1005,12/21/2020,1668,1605,1629,1631,21792,1556.187134,
1006,12/22/2020,1650,1629,1630,1643,16254,1567.636719,
1007,12/23/2020,1673,1662,1666,1668,8914,1591.48999,
1008,12/24/2020,1763,1752,1762,1759,3951,1678.315918,
1009,12/29/2020,1814,1786,1786,1804,45200,1721.251587,
1010,12/30/2020,1860,1847,1860,1847,29977,1805.393311,
1011,12/31/2020,1843,1800,1825,1825,18851,1783.888916,
1012,1/4/2021,1927,1893,1913,1895,33132,1852.312012,
1013,1/5/2021,1923,1901,1906,1907,47339,1864.041748,
1014,1/6/2021,1888,1870,1884,1881,37932,1838.627441,
1015,1/7/2021,1913,1091.5,1900,1913,33225,1869.906616,
1016,1/8/2021,2030,2008,2020,2016,51548,1970.586426,
1017,1/11/2021,2070,2042,2054,2058,33079,2011.640259,
1018,1/12/2021,2052,2032,2052,2052,40896,2005.775269,
1019,1/13/2021,2036,2002,2036,2012,35030,1966.67627,
1020,1/14/2021,2064,2024,2026,2064,22129,2017.504883,
1021,1/15/2021,2006,1981,2004,2006,39080,1960.811523,
1022,1/18/2021,1923,1906,1910,1912,38366,1868.929199,
1023,1/19/2021,1979,1958,1972,1974,22139,1929.532349,
1024,1/20/2021,1991,1967,1983,1979,21577,1934.419678,
1025,1/21/2021,2044,1999,1999,2034,28715,1988.180786,
1026,1/22/2021,1982,1962,1972,1962,18203,1917.802734,
1027,1/25/2021,2024,1989,2024,1997,43188,1952.014526,
1028,1/26/2021,1968,1944,1962,1959,29141,1914.870361,
1029,1/27/2021,1937,1892,1934,1910,27139,1866.974243,
1030,1/28/2021,1901,1839,1853,1901,27106,1858.17688,
1031,1/29/2021,1851,1826,1832,1840,20546,1798.551025,
1032,2/1/2021,1866,1847,1855,1859,16552,1817.122925,
1033,2/2/2021,1903,1887,1887,1900,17723,1857.199341,
1034,2/3/2021,1905,1885,1903,1893,16111,1850.357056,
1035,2/4/2021,1854,1837,1848,1854,11893,1812.235718,
1036,2/5/2021,1874,1856,1860,1874,20843,1831.785156,
1037,2/8/2021,1874,1846,1855,1864,18986,1822.010254,
1038,2/9/2021,1860,1839,1860,1853,24216,1811.258179,
1039,2/10/2021,1865,1842,1856,1855,13149,1813.213257,
1040,2/11/2021,1899,1853,1865,1889,18430,1846.447144,
1041,2/12/2021,1897,1876,1877,1891,18509,1848.401978,
1042,2/15/2021,1924,1914,1924,1921,14862,1877.726318,
1043,2/16/2021,1933,1914,1928,1914,13143,1870.884033,
1044,2/17/2021,1885,1863,1880,1863,20271,1821.032837,
1045,2/18/2021,1858,1833,1855,1848,14494,1806.370728,
1046,2/19/2021,1894,1869,1870,1894,11858,1851.334473,
1047,2/22/2021,1892,1841,1857,1871,49566,1828.852661,
1048,2/23/2021,1874,1823,1873,1855,64363,1813.213257,
1049,2/24/2021,1860,1841,1847,1853,21321,1811.258179,
1050,2/25/2021,1926,1911,1926,1911,42968,1867.95166,
1051,2/26/2021,1856,1835,1844,1850,45813,1808.325806,
1052,3/1/2021,1910,1875,1890,1906,28230,1863.064209,
1053,3/2/2021,1890,1862,1863,1872,39387,1829.830078,
1054,3/3/2021,1884,1849,1884,1860,14471,1818.100464,
1055,3/4/2021,1843,1815,1832,1830,13852,1788.776245,
1056,3/5/2021,1830,1782,1811,1789,17652,1748.699951,
1057,3/8/2021,1802,1779,1795,1794,17910,1753.587402,
1058,3/9/2021,1822,1775,1775,1815,28206,1774.114136,
1059,3/10/2021,1786,1764,1780,1770,25229,1730.127808,
1060,3/11/2021,1829,1811,1821,1829,13665,1787.798706,
1061,3/12/2021,1828,1812,1828,1813,20101,1772.159302,
1062,3/15/2021,1817,1802,1815,1816,16575,1775.091675,
1063,3/16/2021,1844,1824,1835,1840,18438,1798.551025,
1064,3/17/2021,1846,1818,1825,1833,14642,1791.708618,
1065,3/18/2021,1841,1820,1840,1829,14418,1787.798706,
1066,3/19/2021,1830,1806,1830,1808,18048,1767.271973,
1067,3/22/2021,1827,1801,1801,1825,13967,1783.888916,
1068,3/23/2021,1812,1798,1808,1809,11736,1768.24939,
1069,3/24/2021,1800,1784,1794,1797,12688,1756.519531,
1070,3/25/2021,1799,1774,1796,1786,12786,1745.767456,
1071,3/26/2021,1811,1793,1796,1811,9408,1770.204224,
1072,3/29/2021,1812,1792,1799,1795,9746,1754.564819,
1073,3/30/2021,1818,1802,1818,1816,11286,1782.984497,
1074,3/31/2021,1825,1806,1811,1824,11770,1790.839111,
1075,4/1/2021,1860,1830,1830,1856,24433,1822.257202,
1076,4/6/2021,1932.5,1911,1918.5,1924.5,17613,1889.511841,
1077,4/7/2021,1925,1900,1923,1910,13541,1875.275391,
1078,4/8/2021,1909.5,1882,1906.5,1884,20312,1849.748291,
1079,4/9/2021,1870,1850,1870,1862,9641,1828.148071,
1080,4/12/2021,1853,1844.5,1850,1849,9195,1815.384521,
1081,4/13/2021,1890,1852.5,1858,1888,41240,1853.675293,
1082,4/14/2021,1898,1880.5,1884,1891.5,11979,1857.111816,
1083,4/15/2021,1893.5,1877.5,1889,1885,8131,1850.72998,
1084,4/16/2021,1890.5,1868.5,1873,1879.5,13909,1845.330078,
1085,4/19/2021,1875,1853,1865.5,1853,11470,1819.311768,
1086,4/20/2021,1883.5,1863,1882,1863,12524,1829.129883,
1087,4/21/2021,1857.5,1839.5,1852,1846,20556,1812.439087,
1088,4/22/2021,1851,1835.5,1850,1847.5,12860,1813.911743,
1089,4/23/2021,1867.5,1850,1851.5,1866.5,11026,1832.566284,
1090,4/26/2021,1893,1867,1875,1889,13500,1854.657227,
1091,4/27/2021,1873,1860.5,1873,1866.5,16894,1832.566284,
1092,4/28/2021,1867,1839,1848,1866,17413,1832.075439,
1093,4/29/2021,1857.5,1838.5,1848,1849,11587,1815.384521,
1094,4/30/2021,1840,1816.5,1838.5,1821,12679,1787.893555,
1095,5/4/2021,1849.5,1812.5,1847,1816,17068,1782.984497,
1096,5/5/2021,1844,1820,1826,1837,15862,1803.602661,
1097,5/6/2021,1827.5,1814,1820,1821.5,17987,1788.384521,
1098,5/7/2021,1860.5,1822,1825.5,1853.5,7767,1819.802734,
1099,5/10/2021,1880,1852.5,1870,1855,14500,1821.275513,
1100,5/11/2021,1823.5,1785.5,1820,1799,28197,1766.293457,
1101,5/12/2021,1783,1743,1779.5,1744,23912,1712.293457,
1102,5/13/2021,1752,1718,1732.5,1741,26778,1709.3479,
1103,5/14/2021,1787,1752,1780,1783,13615,1750.584351,
1104,5/17/2021,1762.5,1747,1754,1757,10617,1725.057129,
1105,5/18/2021,1768.5,1753.5,1768.5,1763,12127,1730.94812,
1106,5/19/2021,1755,1741,1755,1753,13330,1721.129883,
1107,5/20/2021,1790,1752.5,1759.5,1790,18764,1757.457153,
1108,5/21/2021,1787.5,1771,1780,1782,12721,1749.602417,
1109,5/24/2021,1783,1770,1775,1782,6489,1749.602417,
1110,5/25/2021,1789,1775.5,1785,1779.5,12606,1747.147949,
1111,5/26/2021,1803,1780,1782.5,1796,22116,1763.3479,
1112,5/27/2021,1785.5,1774.5,1781,1781.5,14632,1749.111572,
1113,5/28/2021,1809.5,1793,1795.5,1808,9535,1775.129883,
1114,6/1/2021,1834.5,1820,1828,1822.5,14244,1789.366211,
1115,6/2/2021,1832,1807,1814,1818.5,10398,1785.438965,
1116,6/3/2021,1862.5,1830.5,1850,1846,20489,1812.439087,
1117,6/4/2021,1864.5,1834.5,1844,1864.5,12518,1830.602539,
1118,6/7/2021,1850.5,1834,1849,1837.5,7743,1804.093506,
1119,6/8/2021,1844,1827.5,1835,1833.5,19307,1800.166138,
1120,6/9/2021,1826,1816.5,1824,1821,11427,1787.893555,
1121,6/10/2021,1829.5,1807,1809.5,1826,25596,1792.80249,
1122,6/11/2021,1828.5,1815,1826,1817,18578,1783.966187,
1123,6/14/2021,1814,1801,1809,1814,12822,1781.020752,
1124,6/15/2021,1830.5,1810.5,1815,1827,41560,1793.784424,
1125,6/16/2021,1843,1834,1839,1840,31803,1806.548096,
1126,6/17/2021,1800.5,1784.5,1796.5,1789,30951,1756.475342,
1127,6/18/2021,1785.5,1759.5,1784,1766,18697,1733.893555,
1128,6/21/2021,1776.5,1750.5,1761,1762.5,17970,1730.457031,
1129,6/22/2021,1776.5,1761,1771.5,1765,17416,1732.911621,
1130,6/23/2021,1767,1754,1765,1758.5,11324,1726.529907,
1131,6/24/2021,1794,1783.5,1788,1791.5,23344,1758.929932,
1132,6/25/2021,1817.5,1802,1808,1814,17472,1781.020752,
1133,6/28/2021,1816,1798.5,1816,1804.5,12933,1771.693481,
1134,6/29/2021,1795,1781,1790,1784.5,11250,1759.542725,
1135,6/30/2021,1797.5,1775.5,1797.5,1783.5,12930,1758.556885,
1136,7/1/2021,1775,1763,1772,1769,11202,1744.259521,
1137,7/2/2021,1777,1764,1768,1772,14487,1747.217651,
1138,7/5/2021,1779,1771,1779,1776.5,2808,1751.654663,
1139,7/6/2021,1805.5,1787,1796.5,1799,21640,1773.839966,
1140,7/7/2021,1788.5,1769.5,1784,1778,17359,1753.133667,
1141,7/8/2021,1751.5,1721.5,1750,1732.5,25078,1708.270142,
1142,7/9/2021,1760.5,1719.5,1719.5,1756.5,25050,1731.934326,
1143,7/12/2021,1757.5,1740,1757.5,1750.5,21175,1726.018311,
1144,7/13/2021,1749.5,1736,1749,1744,14991,1719.609253,
1145,7/14/2021,1744,1730,1731.5,1740,16431,1715.665039,
1146,7/15/2021,1770,1754,1770,1768.5,25267,1743.766479,
1147,7/16/2021,1754.5,1738.5,1754,1742,9326,1717.637085,
1148,7/19/2021,1727.5,1691.5,1727,1697,17658,1673.266602,
1149,7/20/2021,1732.5,1706,1710,1719.5,20863,1695.451782,
1150,7/21/2021,1722.5,1706.5,1710,1721,24056,1696.930786,
1151,7/22/2021,1742.5,1732.5,1738,1733,16897,1708.763062,
1152,7/23/2021,1731,1711,1728,1713.5,11926,1689.535767,
1153,7/26/2021,1722,1701,1712,1720,14912,1695.944946,
1154,7/27/2021,1705,1688,1705,1691,15560,1667.350464,
1155,7/28/2021,1713.5,1705.5,1710,1712,8119,1688.056641,
1156,7/29/2021,1742.5,1721,1726,1740,20443,1715.665039,
1157,7/30/2021,1721,1706.5,1712,1716.5,16217,1692.493774,
1158,8/2/2021,1729,1719.5,1722.5,1727,9634,1702.846924,
1159,8/3/2021,1786,1766,1772,1773,15988,1748.203491,
1160,8/4/2021,1824.5,1806.5,1811,1813.5,16653,1788.137207,
1161,8/5/2021,1803,1791.5,1801,1799.5,13194,1774.332886,
1162,8/6/2021,1788,1768,1787.5,1773,9583,1748.203491,
1163,8/9/2021,1796.5,1780,1784,1794,13622,1768.910034,
1164,8/10/2021,1752,1727.5,1750,1735,10418,1710.735107,
1165,8/11/2021,1704,1687.5,1703,1694.5,21965,1670.801514,
1166,8/12/2021,1654.5,1625,1653.5,1638.5,55117,1615.584717,
1167,8/13/2021,1596,1574,1577,1596,41762,1573.679077,
1168,8/16/2021,1587,1573,1575,1580.5,18756,1558.395874,
1169,8/17/2021,1578,1562,1566,1570,32587,1548.042725,
1170,8/18/2021,1595.5,1572,1580,1585.5,42554,1563.325928,
1171,8/19/2021,1558,1541,1558,1554.5,15576,1532.759399,
1172,8/20/2021,1544,1526,1542.5,1538.5,25032,1516.983276,
1173,8/23/2021,1579,1556.5,1558,1575,10724,1552.972778,
1174,8/24/2021,1628,1615,1624,1618,17962,1595.371216,
1175,8/25/2021,1619,1608.5,1614,1618.5,17032,1595.86438,
1176,8/26/2021,1600.5,1590.5,1594.5,1596,8654,1573.679077,
1177,8/27/2021,1610.5,1586.5,1592.5,1606,8821,1583.539185,
1178,8/31/2021,1660,1635.5,1660,1635.5,23746,1612.626587,
1179,9/1/2021,1665,1652,1660,1663.5,12995,1640.234985,
1180,9/2/2021,1651.5,1632.5,1632.5,1647.5,16245,1624.45874,
1181,9/3/2021,1663,1648.5,1658,1658,7924,1634.812012,
1182,9/6/2021,1676.5,1664.5,1675.5,1670,5261,1646.644165,
1183,9/7/2021,1648.5,1632,1641,1639.5,15157,1616.570679,
1184,9/8/2021,1642,1619.5,1631,1623,11138,1600.301392,
1185,9/9/2021,1620.5,1605.5,1608,1613.5,11291,1590.934326,
1186,9/10/2021,1624,1609,1617,1611.5,10391,1588.96228,
1187,9/13/2021,1635.5,1617,1621,1634,957,1611.147583,
1188,9/14/2021,1652,1633.5,1633.5,1639.5,11830,1616.570679,
1189,9/15/2021,1655,1640,1650,1640.5,8121,1617.556763,
1190,9/16/2021,1630.5,1612,1626,1618.5,8287,1595.86438,
1191,9/17/2021,1640,1624.5,1635,1624.5,12521,1601.780518,
1192,9/20/2021,1606.5,1563.5,1605,1580,20377,1557.902832,
1193,9/21/2021,1601,1581,1590,1585,11954,1562.832886,
1194,9/22/2021,1606.5,1596.5,1605.5,1596.5,14222,1574.171997,
1195,9/23/2021,1664.5,1639,1641.5,1653.5,23104,1630.374756,
1196,9/24/2021,1644.5,1619.5,1644.5,1632,8346,1609.175537,
1197,9/27/2021,1650.5,1628.5,1646,1640.5,8696,1617.556763,
1198,9/28/2021,1615,1580,1612,1584,14352,1561.846924,
1199,9/29/2021,1575.5,1563,1563,1565,14138,1550.567505,
1200,9/30/2021,1573,1554.5,1560,1562.5,26209,1548.090576,
1201,10/1/2021,1551,1527.5,1535,1549,11993,1534.715088,
1202,10/4/2021,1551.5,1527.5,1547,1527.5,10821,1513.413452,
1203,10/5/2021,1539,1516,1520,1538,16258,1523.816528,
1204,10/6/2021,1504,1477,1500,1483.5,30354,1469.819214,
1205,10/7/2021,1521.5,1507,1508,1518,16935,1504.000977,
1206,10/8/2021,1509,1490.5,1499,1496,10396,1482.203979,
1207,10/11/2021,1511,1486,1511,1500.5,11037,1486.662354,
1208,10/12/2021,1459,1421,1440,1457.5,28561,1444.05896,
1209,10/13/2021,1456,1441.5,1450,1449,20864,1435.637329,
1210,10/14/2021,1469.5,1454.5,1460,1466,13086,1452.480591,
1211,10/15/2021,1492,1475,1492,1485.5,24344,1471.800781,
1212,10/18/2021,1487.5,1470,1481,1484,12477,1470.314575,
1213,10/19/2021,1509.5,1486.5,1499,1500.5,26840,1486.662354,
1214,10/20/2021,1507,1495,1499.5,1500,17175,1486.166992,
1215,10/21/2021,1500.5,1487.5,1490.5,1499.5,38172,1485.671509,
1216,10/22/2021,1500,1482.5,1499,1482.5,24894,1468.828369,
1217,10/25/2021,1509.5,1488,1509.5,1504,26787,1490.130127,
1218,10/26/2021,1528.5,1517,1525,1519,18207,1504.991821,
1219,10/27/2021,1505,1489,1503,1489,11249,1475.268433,
1220,10/28/2021,1525,1509,1513.5,1521.5,10062,1507.46875,
1221,10/29/2021,1498.5,1483.5,1498,1493,16106,1479.231567,
1222,11/1/2021,1498,1484,1497.5,1495.5,11478,1481.708496,
1223,11/2/2021,1531,1506,1524,1520,16882,1505.982544,
1224,11/3/2021,1501.5,1487,1494,1487,22338,1473.286865,
1225,11/4/2021,1505,1489,1500,1489,11608,1475.268433,
1226,11/5/2021,1496,1481,1485,1494.5,14821,1480.717773,
1227,11/8/2021,1504,1493,1495.5,1501.5,13315,1487.653076,
1228,11/9/2021,1509,1488,1499.5,1494.5,14325,1480.717773,
1229,11/10/2021,1501,1490,1495,1493,26382,1479.231567,
1230,11/11/2021,1498.5,1476.261841,1480,1489,10998,1475.268433,
1231,11/12/2021,1514,1492.5,1498.5,1510.5,11895,1496.57019,
1232,11/15/2021,1526.5,1518,1521,1524.5,23480,1510.441162,
1233,11/16/2021,1519.5,1505,1518,1512,11751,1498.056274,
1234,11/17/2021,1500,1489,1499,1493,14124,1479.231567,
1235,11/18/2021,1499.5,1473,1499.5,1482,8419,1468.333008,
1236,11/19/2021,1513.5,1484.5,1503,1505.5,22245,1491.616211,
1237,11/22/2021,1589,1572.5,1577,1584,25221,1569.392456,
1238,11/23/2021,1592,1579.5,1591.5,1582,17020,1567.410889,
1239,11/24/2021,1581,1561,1578.5,1566.5,9358,1552.053711,
1240,11/25/2021,1554,1548,1550.5,1551.5,5738,1537.192139,
1241,11/26/2021,1509.5,1482,1506,1494.5,18071,1480.717773,
1242,11/29/2021,1526.5,1507.5,1523,1515.5,12205,1501.524048,
1243,11/30/2021,1511,1490,1502,1498,15763,1484.185547,
1244,12/1/2021,1602.5,1565,1569.5,1590,17524,1575.336914,
1245,12/2/2021,1610,1590.5,1608,1601,19812,1586.235596,
1246,12/3/2021,1604,1578.5,1592,1584.5,14942,1569.887817,
1247,12/6/2021,1623.5,1607,1610,1620,19533,1605.060303,
1248,12/7/2021,1671,1645,1650,1665.5,19225,1650.140747,
1249,12/8/2021,1655.5,1636,1636,1650,18609,1634.783691,
1250,12/9/2021,1665,1648.5,1659,1656,17709,1640.728394,1683.983032
1251,12/10/2021,1643.5,1629,1635,1637.5,13271,1622.399048,1711.091187
1252,12/13/2021,1633,1604,1626.5,1607,17937,1592.180298,1692.031006
1253,12/14/2021,1634.5,1594.5,1634,1600.5,30545,1585.740234,1693.269531
1254,12/15/2021,1637.5,1615.5,1637,1624,25302,1609.023438,1684.501953
1255,12/16/2021,1656.5,1625,1651.5,1631,35904,1615.958862,1665.723511
1256,12/17/2021,1644.5,1620.5,1644.5,1628,27217,1612.986572,1674.127686
1257,12/20/2021,1611.5,1593.5,1608.5,1596,38214,1581.281616,1661.528931
1258,12/21/2021,1637.5,1622,1632,1637.5,12789,1622.399048,1658.18689
1259,12/22/2021,1674,1650,1658,1674,14624,1658.562378,1678.440063
1260,12/23/2021,1690.5,1676,1686,1687,18058,1671.442505,1659.383545
1261,12/24/2021,1698.5,1688.5,1690.5,1695.5,1487,1679.864136,1630.404175
1262,12/29/2021,1669,1651.5,1654,1664.5,27410,1649.150024,1654.350342
1263,12/30/2021,1664,1635,1664,1653.5,15501,1645.48938,1628.640381
1264,12/31/2021,1654,1644,1652,1649,2119,1641.011108,1631.097412
1265,1/3/2022,,,,,,,1638.974243
1266,1/4/2022,,,,,,,1613.871582
1267,1/5/2022,,,,,,,1604.335449
1268,1/6/2022,,,,,,,1618.830444
1269,1/7/2022,,,,,,,1611.463257
1270,1/10/2022,,,,,,,1631.328857
,,,,,,,,
,,,,,,,,
,,,,,,,,
,,,,,,,,
,,,,,,,,
,,,,,,,,
,,,,,,,,
,,,,,,,,
,,,,,,,,
